run,condition,final_mean_belonging,final_std_belonging,final_mean_collective_reputation,mean_helping_rate,mean_reciprocal_support_rate,mean_volunteer_retention,mean_withdrawal_rate,mean_collective_avoidance_rate,mean_signal_extraction_consistency,community_breakdown,parameter,value,seed
0,full_structured_model,0.8654346492006689,0.17629715570020763,0.4690940661535846,0.5255039073600455,0.5859770533146876,1.0,0.0,0.7117215007215006,,0,beta_b,0.2,20260721
1,full_structured_model,0.9199556874179752,0.17209323309167449,0.47745920323927976,0.548244312279162,0.6060999518044665,0.9800000000000001,0.0016025641025641025,0.8121717171717171,,0,beta_b,0.2,20260722
2,full_structured_model,0.8975234805066731,0.1611927003533811,0.44358087136567365,0.5448335969142921,0.5985996340739989,1.0,0.0,0.7958840048840049,,0,beta_b,0.2,20260723
3,full_structured_model,0.8812476616362405,0.16710740627562773,0.4407904215225116,0.554498841286551,0.6006782234396109,0.9993333333333334,0.0,0.7118989898989899,,0,beta_b,0.2,20260724
4,full_structured_model,0.9571305471365482,0.0828635538599307,0.46574617876024454,0.5638265844642426,0.6092237683490417,1.0,0.0,0.7190955155955155,,0,beta_b,0.2,20260725
5,full_structured_model,0.9033937355549319,0.16632991466908573,0.43690374365896084,0.5253681317207438,0.5802088517556591,0.9986666666666667,0.0,0.8008535353535352,,0,beta_b,0.2,20260726
6,full_structured_model,0.8567929929789995,0.21531427043113546,0.4477640265082641,0.5359611276528022,0.5908439046442855,0.9960000000000001,0.0,0.6870413475413474,,0,beta_b,0.2,20260727
7,full_structured_model,0.9222110451865432,0.12798708118124386,0.4667941316518755,0.5764197029058191,0.6369882889969068,1.0,0.0,0.4096269841269842,,0,beta_b,0.2,20260728
8,full_structured_model,0.9076717180965367,0.12034249751489935,0.4466006190341531,0.5430455196327326,0.5921017023769285,1.0,0.0,0.7712064047064048,,0,beta_b,0.2,20260729
9,full_structured_model,0.9251164809059228,0.12253252219006427,0.4672164944084285,0.5635666247184987,0.6153675876502862,1.0,0.0,0.767,,0,beta_b,0.2,20260730
10,full_structured_model,0.8580032683315811,0.16826582179387753,0.418085284177212,0.5025862447155353,0.5583397656720769,0.9986666666666667,0.0,0.6943719613719614,,0,beta_b,0.2,20260731
11,full_structured_model,0.8762820497333751,0.22980929052620386,0.4559294184511389,0.5517400968170875,0.6090429300284184,0.9793333333333333,0.0016333333333333332,0.6345124042624043,,0,beta_b,0.2,20260732
12,full_structured_model,0.9304746478986947,0.13475784296328047,0.5054411655228197,0.5801072902796488,0.6337228492103155,1.0,0.0,0.7673809523809524,,0,beta_b,0.2,20260733
13,full_structured_model,0.7666558113983081,0.2810244866603337,0.39327486586086835,0.4695859210650704,0.5279530562801044,0.97,0.0018219461697722567,0.7010159595306652,,0,beta_b,0.2,20260734
14,full_structured_model,0.9230431246204537,0.14353755914249183,0.45530874939908644,0.5668322108858835,0.6119271961364826,1.0,0.0,0.8044675324675323,,0,beta_b,0.2,20260735
15,full_structured_model,0.8229516175217714,0.2348240009433305,0.3958315008176931,0.502134731883931,0.5539691920512744,0.99,0.0008,0.8097647075147074,,0,beta_b,0.2,20260736
16,full_structured_model,0.7877075246052112,0.24639558695627933,0.3447129175968285,0.4621568041671016,0.5196162346997015,0.9873333333333334,0.0008695652173913043,0.5792752926468097,,0,beta_b,0.2,20260737
17,full_structured_model,0.8048997745131052,0.2277923980807002,0.40025496122110027,0.4698522688744925,0.528234830819211,1.0,0.0,0.7263540903540904,,0,beta_b,0.2,20260738
18,full_structured_model,0.87101706250697,0.18744244987976325,0.43502332092265117,0.5576875360581647,0.6073195461909103,0.9973333333333335,0.0,0.6241536796536796,,0,beta_b,0.2,20260739
19,full_structured_model,0.7620340703991847,0.273192663855535,0.4302804550798094,0.507062383512116,0.5537369100416991,0.9793333333333333,0.0009523809523809524,0.6191604506604507,,0,beta_b,0.2,20260740
20,full_structured_model,0.7614573012132746,0.24381779580135776,0.36845509930184284,0.45383052981204136,0.4999119141895057,0.9880000000000001,0.002316849816849817,0.6466990808469137,,0,beta_b,0.2,20260741
21,full_structured_model,0.8494867867912591,0.21701562309953926,0.4173042923557186,0.5104514469322063,0.5709201499554949,1.0,0.0,0.7502647907647908,,0,beta_b,0.2,20260742
22,full_structured_model,0.9161580441543559,0.17049048597330166,0.4785926785705404,0.5635237766629865,0.6157217997276596,0.9980000000000001,0.0,0.6161904761904762,,0,beta_b,0.2,20260743
23,full_structured_model,0.8159981017126687,0.2038790521671507,0.3994438130774208,0.5026205344507673,0.5567325784413111,0.9906666666666666,0.0,0.6814035409035409,,0,beta_b,0.2,20260744
24,full_structured_model,0.819999874803584,0.243696150989466,0.4129669580413574,0.4995253317940291,0.5572061171361495,0.9679999999999999,0.001610305958132045,0.7115806693306692,,0,beta_b,0.2,20260745
25,full_structured_model,0.9511496669465461,0.08763742664856568,0.5039297810219643,0.5943561230347547,0.6501238818967491,1.0,0.0,0.6693333333333333,,0,beta_b,0.2,20260746
26,full_structured_model,0.9033744030873052,0.14218509448946287,0.4513036786818977,0.5167594053785693,0.574725209573982,1.0,0.0,0.6904472194472195,,0,beta_b,0.2,20260747
27,full_structured_model,0.6431409636048795,0.2792709934814214,0.3111147696458477,0.39888133467515624,0.4474634966118719,0.966,0.0036181818181818186,0.6328872369460605,,0,beta_b,0.2,20260748
28,full_structured_model,0.8801701144727416,0.19184006586569416,0.45971700444492397,0.5103146701162316,0.5646995258409648,0.996,0.0007692307692307692,0.7351785991785991,,0,beta_b,0.2,20260749
29,full_structured_model,0.7816288265031676,0.24200153357252532,0.37357607837127643,0.4802088710826024,0.5431233980033866,0.9973333333333335,0.0,0.6428393828393828,,0,beta_b,0.2,20260750
0,full_structured_model,0.9530827735072056,0.09289680994858879,0.5472824392347653,0.6141508354723371,0.6695792545309532,1.0,0.0,0.7356666666666666,,0,beta_b,0.35,20260721
1,full_structured_model,0.9809732622810342,0.04019907741393904,0.5544796669664734,0.6318917605080944,0.6812411950968886,1.0,0.0,0.857,,0,beta_b,0.35,20260722
2,full_structured_model,0.9481981240065022,0.11316827697814176,0.5012034200673252,0.6101370692953414,0.6588697201883421,0.998,0.0,0.7900476190476191,,0,beta_b,0.35,20260723
3,full_structured_model,0.9405731139636255,0.1590740296845477,0.526504590372226,0.5848694691685301,0.6348279066378443,0.99,0.0,0.6755952380952381,,0,beta_b,0.35,20260724
4,full_structured_model,0.964216134793354,0.11408047783419202,0.5883823825343613,0.6610754674863721,0.7085804322658537,0.9833333333333334,0.0007407407407407407,0.7775238095238095,,0,beta_b,0.35,20260725
5,full_structured_model,0.9245346373023259,0.13893878126175485,0.49572008480729607,0.5629627378529249,0.6133030883128777,0.996,0.0,0.7984994727494726,,0,beta_b,0.35,20260726
6,full_structured_model,0.9678976311343379,0.13182276267633056,0.5573986720232814,0.6355161327136148,0.6846625194988221,0.9820000000000002,0.0,0.7657619047619048,,0,beta_b,0.35,20260727
7,full_structured_model,0.9902768955120727,0.016930156599877462,0.6225725223448905,0.6930280147129,0.7414584904508533,1.0,0.0,0.0,,0,beta_b,0.35,20260728
8,full_structured_model,0.965217262483632,0.10886796601993697,0.5683763419369523,0.6266465791414778,0.6749233862627871,0.9966666666666666,0.0,0.8343333333333334,,0,beta_b,0.35,20260729
9,full_structured_model,0.9774366535875098,0.036969915084031454,0.5500222328946996,0.6205555598760678,0.666225199150931,1.0,0.0,0.7800656565656564,,0,beta_b,0.35,20260730
10,full_structured_model,0.9647950405107594,0.054279952269944205,0.5571914235861252,0.6304801028932334,0.6743972944854768,1.0,0.0,0.7619523809523809,,0,beta_b,0.35,20260731
11,full_structured_model,0.9909699203196058,0.020459093537647795,0.6087204567099007,0.6704301700589201,0.7154577400040771,1.0,0.0,0.7283333333333333,,0,beta_b,0.35,20260732
12,full_structured_model,0.9877414240173145,0.025937264045412585,0.55402667639454,0.6757608622285567,0.7119712882199962,1.0,0.0,0.7643333333333334,,0,beta_b,0.35,20260733
13,full_structured_model,0.984237659787251,0.024514275483031388,0.530059946307049,0.6531869509342169,0.6976212598161079,1.0,0.0,0.8376666666666667,,0,beta_b,0.35,20260734
14,full_structured_model,0.9881373942891698,0.027850170735235373,0.6021485870270442,0.6689951224536053,0.7156691356097232,1.0,0.0,0.8483333333333333,,0,beta_b,0.35,20260735
15,full_structured_model,0.8631880621112767,0.23130626712253943,0.4701215611228954,0.588179825446479,0.629139544192886,0.9960000000000001,0.0,0.7904069264069264,,0,beta_b,0.35,20260736
16,full_structured_model,0.9736614421631048,0.05598428729364604,0.5626301202081815,0.6293488646933711,0.680150245521856,1.0,0.0,0.7976666666666666,,0,beta_b,0.35,20260737
17,full_structured_model,0.9327585873171084,0.1215820928641583,0.5074449681497196,0.5959435100597841,0.6407757645227647,1.0,0.0,0.7687236652236652,,0,beta_b,0.35,20260738
18,full_structured_model,0.9804880985528936,0.03315851442610585,0.5571226964700118,0.7093168158977421,0.7502538332755375,1.0,0.0,0.7733333333333334,,0,beta_b,0.35,20260739
19,full_structured_model,0.9935707271927892,0.012978974106881501,0.5844611263166164,0.6767269048888633,0.7156731274763883,1.0,0.0,0.7524285714285713,,0,beta_b,0.35,20260740
20,full_structured_model,0.915572189821619,0.18722163792509627,0.4802649809618984,0.5681801317681299,0.6119313202436382,0.9826666666666668,0.0008,0.7241561216561214,,0,beta_b,0.35,20260741
21,full_structured_model,0.9268753366427551,0.12430467930724938,0.5391380539915713,0.6197890044142274,0.6674650975686859,0.998,0.0,0.7717619047619046,,0,beta_b,0.35,20260742
22,full_structured_model,0.933261382107818,0.1494847512706247,0.528482574760761,0.5970588478462268,0.6450849814034331,1.0,0.0,0.6632936507936508,,0,beta_b,0.35,20260743
23,full_structured_model,0.9675540428384664,0.08642373613592025,0.5756266692249347,0.6320514978806808,0.6737645658739629,1.0,0.0,0.7845714285714286,,0,beta_b,0.35,20260744
24,full_structured_model,0.979364335352997,0.06749840983184631,0.5612702582827737,0.6239843169680104,0.6715801791328332,1.0,0.0,0.829095238095238,,0,beta_b,0.35,20260745
25,full_structured_model,0.9769441757697394,0.048013317767182886,0.5254903595415065,0.6243841686327444,0.6682799689959661,1.0,0.0,0.8218968253968254,,0,beta_b,0.35,20260746
26,full_structured_model,0.9609053013887157,0.0953279938931081,0.5461919525085384,0.6352293136107989,0.6787474282313047,1.0,0.0,0.7639999999999999,,0,beta_b,0.35,20260747
27,full_structured_model,0.9000911461584591,0.16482102199713686,0.5395510165410411,0.5432157071322908,0.5915588495805456,1.0,0.0,0.6992164502164501,,0,beta_b,0.35,20260748
28,full_structured_model,0.9912914642893568,0.019521992369479577,0.5666720858761376,0.6312979610151899,0.6745998260340358,1.0,0.0,0.7606666666666666,,0,beta_b,0.35,20260749
29,full_structured_model,0.9680788190806614,0.09252150840424848,0.5301526287758686,0.6296776801923333,0.6801639302147449,1.0,0.0,0.8343571428571428,,0,beta_b,0.35,20260750
0,full_structured_model,0.9928883654728875,0.015902541298766427,0.6008028508871509,0.6875645328976269,0.7265831553212156,1.0,0.0,0.7966666666666665,,0,beta_b,0.5,20260721
1,full_structured_model,0.998405958995557,0.004818606817510052,0.6045841211620587,0.7179404788369952,0.754632086168185,1.0,0.0,0.7813095238095238,,0,beta_b,0.5,20260722
2,full_structured_model,0.9933280545483533,0.017679770105138735,0.6018527940394562,0.7336391297753145,0.7670331626076282,1.0,0.0,0.8043333333333333,,0,beta_b,0.5,20260723
3,full_structured_model,0.9881507480318592,0.02499846656110929,0.5726772947399351,0.7310220508334847,0.7600480624803329,1.0,0.0,0.7828571428571429,,0,beta_b,0.5,20260724
4,full_structured_model,0.9970256985851222,0.008505916480154311,0.6395260323964059,0.7351307064041255,0.775865249126594,1.0,0.0,0.83,,0,beta_b,0.5,20260725
5,full_structured_model,0.9419214244032755,0.15707486462697318,0.5389795953044946,0.6636286624480425,0.7052514708819801,0.9973333333333333,0.0,0.8026031746031745,,0,beta_b,0.5,20260726
6,full_structured_model,0.9926910566733386,0.014478570685025624,0.6452380649773458,0.7453447854827165,0.7788573855172857,1.0,0.0,0.8033333333333332,,0,beta_b,0.5,20260727
7,full_structured_model,0.9953325288836053,0.01611349130665215,0.6766288316235675,0.7532912308031147,0.7923947675916048,1.0,0.0,0.0,,0,beta_b,0.5,20260728
8,full_structured_model,0.9953234159211463,0.01426692596625368,0.614339136023642,0.7098388630122199,0.747565570519097,1.0,0.0,0.71,,0,beta_b,0.5,20260729
9,full_structured_model,0.9869416586982197,0.03679087238485294,0.616385366090364,0.7043056669127847,0.7390367409598652,1.0,0.0,0.8073333333333333,,0,beta_b,0.5,20260730
10,full_structured_model,0.9847818800942947,0.026781322216798836,0.6331653987762051,0.7156871450224936,0.7573403278825769,1.0,0.0,0.7943333333333333,,0,beta_b,0.5,20260731
11,full_structured_model,0.9947350026166771,0.012854541208043512,0.591022215502414,0.7773050524604497,0.807954500631802,1.0,0.0,0.0,,0,beta_b,0.5,20260732
12,full_structured_model,0.9924122646989553,0.017780338554887032,0.5466941172234198,0.7178784218662938,0.7534339065626035,1.0,0.0,0.8580952380952382,,0,beta_b,0.5,20260733
13,full_structured_model,0.995180023143405,0.0105458402600552,0.6248841320359688,0.7394251993108283,0.7758091523760342,1.0,0.0,0.8571428571428572,,0,beta_b,0.5,20260734
14,full_structured_model,0.9924402027358681,0.020124008928138124,0.6066570816749284,0.7203462128804315,0.7567469452947848,1.0,0.0,0.8373333333333334,,0,beta_b,0.5,20260735
15,full_structured_model,0.9845996061135339,0.02231835966110762,0.559327644586574,0.6836409299122553,0.7211076132826223,1.0,0.0,0.8793809523809525,,0,beta_b,0.5,20260736
16,full_structured_model,0.9893458664906192,0.01968932790851487,0.5992835319813743,0.7308247196184466,0.7646790075950394,1.0,0.0,0.8106666666666666,,0,beta_b,0.5,20260737
17,full_structured_model,0.9777616190140961,0.07835337307952653,0.6100619630793727,0.7014461832320226,0.7410554791696652,0.9980000000000001,0.0,0.8558095238095238,,0,beta_b,0.5,20260738
18,full_structured_model,0.9871020396945472,0.02135717836278556,0.6461133745865718,0.7556132625368872,0.7860312996140381,1.0,0.0,0.9,,0,beta_b,0.5,20260739
19,full_structured_model,0.9884488601908976,0.02334075323090713,0.5852867879566229,0.7351963924053011,0.775319153245555,1.0,0.0,0.64,,0,beta_b,0.5,20260740
20,full_structured_model,0.9905273960312524,0.020892478109547155,0.5978536009118326,0.7188751984270408,0.7558099453708745,1.0,0.0,0.831,,0,beta_b,0.5,20260741
21,full_structured_model,0.9944272730078546,0.014210729814171817,0.5724446159526064,0.7349033113383544,0.7719638137225969,1.0,0.0,0.8296666666666667,,0,beta_b,0.5,20260742
22,full_structured_model,0.9937951649956358,0.014638757039605578,0.6098050333009155,0.7553286064585168,0.7913664464214891,1.0,0.0,0.0,,0,beta_b,0.5,20260743
23,full_structured_model,0.9912252404447052,0.04426435319424193,0.6178691925062682,0.7136819832334961,0.7495636633438398,0.9980000000000001,0.0,0.8008333333333333,,0,beta_b,0.5,20260744
24,full_structured_model,0.9966118892787389,0.010772076001545207,0.6102786114293235,0.7212646466265379,0.7597464466047498,1.0,0.0,0.8686666666666667,,0,beta_b,0.5,20260745
25,full_structured_model,0.9882346544337346,0.022728837943421426,0.6063107276582118,0.7267894316347328,0.7644025317743329,1.0,0.0,0.8270000000000001,,0,beta_b,0.5,20260746
26,full_structured_model,0.9871140531311731,0.025768460316424647,0.5749943481026928,0.7098526032474477,0.7443669108233624,1.0,0.0,0.7816666666666666,,0,beta_b,0.5,20260747
27,full_structured_model,0.9892405308651262,0.022058727632819016,0.5796749624949087,0.6988327568775966,0.7338578333950394,1.0,0.0,0.8476666666666668,,0,beta_b,0.5,20260748
28,full_structured_model,0.9962033219910845,0.0069030640045053306,0.6243963492247772,0.7194379111289707,0.7570723204172636,1.0,0.0,0.72,,0,beta_b,0.5,20260749
29,full_structured_model,0.9942229510101226,0.013636697925417742,0.6127499559291124,0.7292968292345396,0.7679107549722853,1.0,0.0,0.7766666666666666,,0,beta_b,0.5,20260750
0,full_structured_model,0.9973091203977741,0.01449083013414329,0.6670900159609421,0.7836086677893038,0.8116846646693188,1.0,0.0,0.826,,0,beta_b,0.65,20260721
1,full_structured_model,0.9727316345856567,0.088331561531896,0.6110476113133725,0.7241785710705344,0.7555676752141608,0.9980000000000001,0.0,0.7985194805194805,,0,beta_b,0.65,20260722
2,full_structured_model,0.995498598091321,0.011420493920722192,0.697120885368782,0.7850215628726874,0.8121343935302856,1.0,0.0,0.0,,0,beta_b,0.65,20260723
3,full_structured_model,0.9980396843479291,0.00815395598903629,0.6267324535005787,0.8045683582229308,0.8289817214913466,1.0,0.0,0.8276666666666667,,0,beta_b,0.65,20260724
4,full_structured_model,0.9954599352599105,0.011206389088390853,0.6435667217789776,0.7822262522375767,0.8121660957293108,1.0,0.0,0.8083333333333332,,0,beta_b,0.65,20260725
5,full_structured_model,0.998677435751844,0.0071222264443440726,0.6446608337782939,0.7636710463164849,0.7921321997192945,1.0,0.0,0.8733333333333333,,0,beta_b,0.65,20260726
6,full_structured_model,0.9974071954017831,0.008684313725253728,0.6882181833677897,0.8013235623058712,0.8305444983522545,1.0,0.0,0.7983333333333333,,0,beta_b,0.65,20260727
7,full_structured_model,0.9978445809026483,0.00676772604730502,0.6420783283570264,0.8128123157896021,0.8418472878182398,1.0,0.0,0.0,,0,beta_b,0.65,20260728
8,full_structured_model,0.9963064706421736,0.010559110271084984,0.6400491214180739,0.7689857954999633,0.799109472523423,1.0,0.0,0.0,,0,beta_b,0.65,20260729
9,full_structured_model,0.9994407207247004,0.0030118110707038296,0.6445814506048361,0.7652941759169606,0.8022890660073186,1.0,0.0,0.76,,0,beta_b,0.65,20260730
10,full_structured_model,0.996227476478418,0.012383284663514092,0.6142480206399299,0.789793274146383,0.8197395329790398,1.0,0.0,0.83,,0,beta_b,0.65,20260731
11,full_structured_model,0.993859797448653,0.015798180946876274,0.6488613050116098,0.8012924491805894,0.8323950437441135,1.0,0.0,0.0,,0,beta_b,0.65,20260732
12,full_structured_model,0.9981532896079252,0.007571989437463752,0.6334161686441565,0.7722134148422367,0.8044969443750066,1.0,0.0,0.871,,0,beta_b,0.65,20260733
13,full_structured_model,0.9968632115181839,0.009013469262005117,0.6670749786936441,0.7938047469649328,0.82044918616393,1.0,0.0,0.8783333333333333,,0,beta_b,0.65,20260734
14,full_structured_model,0.9973728999094524,0.008706469174586657,0.6240340633271223,0.8001222501412001,0.8247269722168299,0.9940000000000001,0.0007692307692307692,0.8226666666666667,,0,beta_b,0.65,20260735
15,full_structured_model,0.9941347910109426,0.013129344617085216,0.6580735987477965,0.7358088937530831,0.7672938904640799,1.0,0.0,0.8148095238095238,,0,beta_b,0.65,20260736
16,full_structured_model,0.9939612689252139,0.015521816661276553,0.6795087423429503,0.7964788714873974,0.8276359392417935,1.0,0.0,0.64,,0,beta_b,0.65,20260737
17,full_structured_model,0.9966937539068278,0.014834355858792956,0.6487149315587554,0.7377135366943562,0.76747714914732,1.0,0.0,0.8306507936507935,,0,beta_b,0.65,20260738
18,full_structured_model,0.9927987560314937,0.014329829390366049,0.6323090115198261,0.7734763818366119,0.8006309945269521,1.0,0.0,0.866,,0,beta_b,0.65,20260739
19,full_structured_model,0.9935596597484786,0.019251140898363883,0.6341696435180012,0.7860581445623057,0.815302308833404,1.0,0.0,0.6766666666666665,,0,beta_b,0.65,20260740
20,full_structured_model,0.9963595161807101,0.009950826111363496,0.6479511726524273,0.772064795183307,0.8012436644185285,1.0,0.0,0.826,,0,beta_b,0.65,20260741
21,full_structured_model,0.9848011907675995,0.041154384278697484,0.5619970055249256,0.7221100708979401,0.756882237079316,1.0,0.0,0.8386190476190477,,0,beta_b,0.65,20260742
22,full_structured_model,0.9930638872669686,0.015170322108065753,0.6568951489717031,0.7932220058863595,0.8215716768421903,1.0,0.0,0.7,,0,beta_b,0.65,20260743
23,full_structured_model,0.9929171452429724,0.01701816283736847,0.5926332603619512,0.7925825085751228,0.8178056397041444,0.9993333333333334,0.0,0.8302857142857143,,0,beta_b,0.65,20260744
24,full_structured_model,0.9922905694613477,0.01586604436498676,0.6741272906199735,0.7926832190704795,0.8200805358050167,1.0,0.0,0.8133333333333332,,0,beta_b,0.65,20260745
25,full_structured_model,0.994941380691293,0.011532986763647043,0.6166068876176473,0.7740006756556231,0.8005632399237722,1.0,0.0,0.7433333333333333,,0,beta_b,0.65,20260746
26,full_structured_model,0.9972214507268766,0.01040378681115128,0.6642842922327302,0.7916435000223342,0.8156513455497282,0.992,0.0,0.7833333333333333,,0,beta_b,0.65,20260747
27,full_structured_model,0.9927327617900874,0.02088307323765745,0.6343859061695779,0.7556214486440872,0.7868716551300884,1.0,0.0,0.8233333333333333,,0,beta_b,0.65,20260748
28,full_structured_model,0.9883318679176077,0.04500058055056508,0.6179580463210145,0.7637490266006443,0.7934876871785173,1.0,0.0,0.8226666666666667,,0,beta_b,0.65,20260749
29,full_structured_model,1.0,0.0,0.6399182271934625,0.7792360369490726,0.8099910644483362,1.0,0.0,0.78,,0,beta_b,0.65,20260750
0,full_structured_model,0.8452799387396415,0.16129388936365802,0.4773452348976106,0.5572355200434889,0.6109989073198281,1.0,0.0,0.7177381507381508,,0,lambda_b,0.05,20260721
1,full_structured_model,0.7159921346404763,0.16179161390886534,0.4241667448945782,0.4661517527349335,0.5290531354654753,1.0,0.0,0.7416859953771717,,0,lambda_b,0.05,20260722
2,full_structured_model,0.7849842469096798,0.19155826038623364,0.45317361461032113,0.509829374874875,0.5687201968456153,1.0,0.0,0.7533486513486514,,0,lambda_b,0.05,20260723
3,full_structured_model,0.7798459848038309,0.18411755420464485,0.43678860985732676,0.5289603094723635,0.581241434464241,1.0,0.0,0.756427405927406,,0,lambda_b,0.05,20260724
4,full_structured_model,0.817982676120641,0.17790293931347262,0.48084448611796976,0.5311795513699942,0.58455875627466,1.0,0.0,0.6638404373404373,,0,lambda_b,0.05,20260725
5,full_structured_model,0.7589553554478118,0.19362803766294379,0.4516573362926486,0.5062646781054305,0.562102806306928,1.0,0.0,0.6992867132867131,,0,lambda_b,0.05,20260726
6,full_structured_model,0.7826250047382768,0.17554761698588983,0.4705886607193511,0.5089377837518769,0.5638748120597246,1.0,0.0,0.7277150627150627,,0,lambda_b,0.05,20260727
7,full_structured_model,0.869994431096705,0.13415514872297357,0.49502910902494945,0.5710452925404266,0.633912656830987,1.0,0.0,0.7307619047619047,,0,lambda_b,0.05,20260728
8,full_structured_model,0.8624073946248502,0.16375760842731443,0.5367608605526502,0.5827496667167067,0.6368445436122222,1.0,0.0,0.7593809523809523,,0,lambda_b,0.05,20260729
9,full_structured_model,0.7961701327260737,0.1769923015296679,0.476369008012752,0.5208222085126851,0.5763833281607491,1.0,0.0,0.7002841602841603,,0,lambda_b,0.05,20260730
10,full_structured_model,0.8114124441932218,0.1789810834091504,0.5037509831323012,0.5432091431202819,0.5996535903580323,1.0,0.0,0.7170079365079366,,0,lambda_b,0.05,20260731
11,full_structured_model,0.820493822664199,0.1809405290311318,0.49695789382753935,0.5400968667877885,0.5941397630844572,1.0,0.0,0.7462360972360973,,0,lambda_b,0.05,20260732
12,full_structured_model,0.7313879724879446,0.19278389144794675,0.4121064822042188,0.495766508390031,0.5489769483098875,1.0,0.0,0.6566544289044289,,0,lambda_b,0.05,20260733
13,full_structured_model,0.6583126449249418,0.21045591660395926,0.36708526745582704,0.424390364288648,0.4745979109810861,1.0,0.0,0.6521181661475779,,0,lambda_b,0.05,20260734
14,full_structured_model,0.8168660020694717,0.15046116306006793,0.45613853270440485,0.5386857797532182,0.5955386383963475,1.0,0.0,0.6917994227994229,,0,lambda_b,0.05,20260735
15,full_structured_model,0.7038716939507579,0.21564439397673252,0.4201536688005522,0.4801859927265567,0.5266680035882216,1.0,0.0,0.7020837838631955,,0,lambda_b,0.05,20260736
16,full_structured_model,0.8713514813569919,0.1522588658825007,0.5155350567585775,0.5829404969836655,0.6379468801159921,1.0,0.0,0.7701746031746031,,0,lambda_b,0.05,20260737
17,full_structured_model,0.7598733717489284,0.18052296674510881,0.4896389899155549,0.5000939457789236,0.5573522583655159,1.0,0.0,0.7959274059274059,,0,lambda_b,0.05,20260738
18,full_structured_model,0.8334770342492059,0.16394465139213552,0.48487464560892396,0.5487165094142682,0.6077906595761118,1.0,0.0,0.7175555555555556,,0,lambda_b,0.05,20260739
19,full_structured_model,0.679259266153,0.1688988703996872,0.38361178261246903,0.4391063977616138,0.49902245240804866,1.0,0.0,0.705419174049205,,0,lambda_b,0.05,20260740
20,full_structured_model,0.7302236121124502,0.22840131537644626,0.41140079293640397,0.48218908470171085,0.5344302516950801,1.0,0.0,0.6544422244422244,,0,lambda_b,0.05,20260741
21,full_structured_model,0.7666594217810938,0.18955062037679338,0.46078496922908624,0.4918316521196855,0.5534075566561385,1.0,0.0,0.7323255633255633,,0,lambda_b,0.05,20260742
22,full_structured_model,0.6774873009763307,0.2064947769781168,0.397553953956303,0.4487132427057048,0.503868461631273,1.0,0.0,0.6052958368600784,,0,lambda_b,0.05,20260743
23,full_structured_model,0.8412867631647635,0.13893945585045003,0.49614385203737127,0.5707698559744797,0.6197108237097253,1.0,0.0,0.7653809523809524,,0,lambda_b,0.05,20260744
24,full_structured_model,0.6244152542980113,0.16684073087770918,0.3573110913384178,0.391824980160106,0.45756538266407965,1.0,0.0,0.6913610005405671,,0,lambda_b,0.05,20260745
25,full_structured_model,0.7484294525851575,0.17692971078495243,0.42806741636384854,0.5046926110193979,0.558288565695284,1.0,0.0,0.7201147186147187,,0,lambda_b,0.05,20260746
26,full_structured_model,0.7495954413684492,0.19274419851542346,0.42061999530722244,0.49327097036439477,0.5479465355840871,1.0,0.0,0.6406755195269127,,0,lambda_b,0.05,20260747
27,full_structured_model,0.71116315917742,0.1821987906547359,0.45218577523068665,0.46956675051864183,0.5286163916942352,1.0,0.0,0.7392447976859741,,0,lambda_b,0.05,20260748
28,full_structured_model,0.7325488941613905,0.17734775822586724,0.4141881733397911,0.48037058678995675,0.5376026753885301,1.0,0.0,0.7021153176888472,,0,lambda_b,0.05,20260749
29,full_structured_model,0.7242236988864807,0.18457459862172315,0.41121222639189325,0.48636628332730764,0.5417214469640927,1.0,0.0,0.6250940170940171,,0,lambda_b,0.05,20260750
0,full_structured_model,0.9530827735072056,0.09289680994858879,0.5472824392347653,0.6141508354723371,0.6695792545309532,1.0,0.0,0.7356666666666666,,0,lambda_b,0.12,20260721
1,full_structured_model,0.9809732622810342,0.04019907741393904,0.5544796669664734,0.6318917605080944,0.6812411950968886,1.0,0.0,0.857,,0,lambda_b,0.12,20260722
2,full_structured_model,0.9481981240065022,0.11316827697814176,0.5012034200673252,0.6101370692953414,0.6588697201883421,0.998,0.0,0.7900476190476191,,0,lambda_b,0.12,20260723
3,full_structured_model,0.9405731139636255,0.1590740296845477,0.526504590372226,0.5848694691685301,0.6348279066378443,0.99,0.0,0.6755952380952381,,0,lambda_b,0.12,20260724
4,full_structured_model,0.964216134793354,0.11408047783419202,0.5883823825343613,0.6610754674863721,0.7085804322658537,0.9833333333333334,0.0007407407407407407,0.7775238095238095,,0,lambda_b,0.12,20260725
5,full_structured_model,0.9245346373023259,0.13893878126175485,0.49572008480729607,0.5629627378529249,0.6133030883128777,0.996,0.0,0.7984994727494726,,0,lambda_b,0.12,20260726
6,full_structured_model,0.9678976311343379,0.13182276267633056,0.5573986720232814,0.6355161327136148,0.6846625194988221,0.9820000000000002,0.0,0.7657619047619048,,0,lambda_b,0.12,20260727
7,full_structured_model,0.9902768955120727,0.016930156599877462,0.6225725223448905,0.6930280147129,0.7414584904508533,1.0,0.0,0.0,,0,lambda_b,0.12,20260728
8,full_structured_model,0.965217262483632,0.10886796601993697,0.5683763419369523,0.6266465791414778,0.6749233862627871,0.9966666666666666,0.0,0.8343333333333334,,0,lambda_b,0.12,20260729
9,full_structured_model,0.9774366535875098,0.036969915084031454,0.5500222328946996,0.6205555598760678,0.666225199150931,1.0,0.0,0.7800656565656564,,0,lambda_b,0.12,20260730
10,full_structured_model,0.9647950405107594,0.054279952269944205,0.5571914235861252,0.6304801028932334,0.6743972944854768,1.0,0.0,0.7619523809523809,,0,lambda_b,0.12,20260731
11,full_structured_model,0.9909699203196058,0.020459093537647795,0.6087204567099007,0.6704301700589201,0.7154577400040771,1.0,0.0,0.7283333333333333,,0,lambda_b,0.12,20260732
12,full_structured_model,0.9877414240173145,0.025937264045412585,0.55402667639454,0.6757608622285567,0.7119712882199962,1.0,0.0,0.7643333333333334,,0,lambda_b,0.12,20260733
13,full_structured_model,0.984237659787251,0.024514275483031388,0.530059946307049,0.6531869509342169,0.6976212598161079,1.0,0.0,0.8376666666666667,,0,lambda_b,0.12,20260734
14,full_structured_model,0.9881373942891698,0.027850170735235373,0.6021485870270442,0.6689951224536053,0.7156691356097232,1.0,0.0,0.8483333333333333,,0,lambda_b,0.12,20260735
15,full_structured_model,0.8631880621112767,0.23130626712253943,0.4701215611228954,0.588179825446479,0.629139544192886,0.9960000000000001,0.0,0.7904069264069264,,0,lambda_b,0.12,20260736
16,full_structured_model,0.9736614421631048,0.05598428729364604,0.5626301202081815,0.6293488646933711,0.680150245521856,1.0,0.0,0.7976666666666666,,0,lambda_b,0.12,20260737
17,full_structured_model,0.9327585873171084,0.1215820928641583,0.5074449681497196,0.5959435100597841,0.6407757645227647,1.0,0.0,0.7687236652236652,,0,lambda_b,0.12,20260738
18,full_structured_model,0.9804880985528936,0.03315851442610585,0.5571226964700118,0.7093168158977421,0.7502538332755375,1.0,0.0,0.7733333333333334,,0,lambda_b,0.12,20260739
19,full_structured_model,0.9935707271927892,0.012978974106881501,0.5844611263166164,0.6767269048888633,0.7156731274763883,1.0,0.0,0.7524285714285713,,0,lambda_b,0.12,20260740
20,full_structured_model,0.915572189821619,0.18722163792509627,0.4802649809618984,0.5681801317681299,0.6119313202436382,0.9826666666666668,0.0008,0.7241561216561214,,0,lambda_b,0.12,20260741
21,full_structured_model,0.9268753366427551,0.12430467930724938,0.5391380539915713,0.6197890044142274,0.6674650975686859,0.998,0.0,0.7717619047619046,,0,lambda_b,0.12,20260742
22,full_structured_model,0.933261382107818,0.1494847512706247,0.528482574760761,0.5970588478462268,0.6450849814034331,1.0,0.0,0.6632936507936508,,0,lambda_b,0.12,20260743
23,full_structured_model,0.9675540428384664,0.08642373613592025,0.5756266692249347,0.6320514978806808,0.6737645658739629,1.0,0.0,0.7845714285714286,,0,lambda_b,0.12,20260744
24,full_structured_model,0.979364335352997,0.06749840983184631,0.5612702582827737,0.6239843169680104,0.6715801791328332,1.0,0.0,0.829095238095238,,0,lambda_b,0.12,20260745
25,full_structured_model,0.9769441757697394,0.048013317767182886,0.5254903595415065,0.6243841686327444,0.6682799689959661,1.0,0.0,0.8218968253968254,,0,lambda_b,0.12,20260746
26,full_structured_model,0.9609053013887157,0.0953279938931081,0.5461919525085384,0.6352293136107989,0.6787474282313047,1.0,0.0,0.7639999999999999,,0,lambda_b,0.12,20260747
27,full_structured_model,0.9000911461584591,0.16482102199713686,0.5395510165410411,0.5432157071322908,0.5915588495805456,1.0,0.0,0.6992164502164501,,0,lambda_b,0.12,20260748
28,full_structured_model,0.9912914642893568,0.019521992369479577,0.5666720858761376,0.6312979610151899,0.6745998260340358,1.0,0.0,0.7606666666666666,,0,lambda_b,0.12,20260749
29,full_structured_model,0.9680788190806614,0.09252150840424848,0.5301526287758686,0.6296776801923333,0.6801639302147449,1.0,0.0,0.8343571428571428,,0,lambda_b,0.12,20260750
0,full_structured_model,0.9786846618908406,0.0334281071378838,0.5933781744014681,0.683745252122582,0.7237283052204436,1.0,0.0,0.8666666666666666,,0,lambda_b,0.2,20260721
1,full_structured_model,0.974576278434807,0.04754758097277099,0.539709660933189,0.6822811098484735,0.726602346741463,1.0,0.0,0.767,,0,lambda_b,0.2,20260722
2,full_structured_model,0.9777221406554,0.039553357927521585,0.5895053009834058,0.6989178155662809,0.738969111740319,1.0,0.0,0.81,,0,lambda_b,0.2,20260723
3,full_structured_model,0.9714480409857028,0.08740283089920539,0.6071327344894039,0.6853788537416566,0.7245719728755191,0.9746666666666667,0.0016695652173913044,0.8396666666666667,,0,lambda_b,0.2,20260724
4,full_structured_model,0.9864913260092061,0.03040993531440101,0.592737869698555,0.7046530174138823,0.7446381867843113,0.9926666666666668,0.0,0.7033333333333333,,0,lambda_b,0.2,20260725
5,full_structured_model,0.903081046433879,0.22615531937605202,0.5835089490865566,0.632067316529559,0.6715466295347587,0.9573333333333334,0.006047886895712982,0.7412857142857143,,0,lambda_b,0.2,20260726
6,full_structured_model,0.9709638373443527,0.04652650287791334,0.5381620966478731,0.6482672710791901,0.6995716988711217,0.9913333333333334,0.0,0.7996666666666666,,0,lambda_b,0.2,20260727
7,full_structured_model,0.9761384306718855,0.047784777703639154,0.5746187048463206,0.7051910846746678,0.7501576369454854,1.0,0.0,0.63,,0,lambda_b,0.2,20260728
8,full_structured_model,0.9829243445008984,0.03412973168786916,0.5885505494890136,0.6732493926802892,0.7183576167297521,1.0,0.0,0.0,,0,lambda_b,0.2,20260729
9,full_structured_model,0.9841312849580539,0.037180950852536046,0.5914652957157839,0.6799547809048557,0.7233222654533901,1.0,0.0,0.7933333333333333,,0,lambda_b,0.2,20260730
10,full_structured_model,0.9644890884079221,0.09298316797255878,0.5770261255258349,0.6733604390321386,0.7177030333308846,0.9726666666666668,0.0007692307692307692,0.7850873015873016,,0,lambda_b,0.2,20260731
11,full_structured_model,0.985316132339895,0.03229113215735041,0.6255624800813355,0.7049941045183924,0.7442933396660533,1.0,0.0,0.62,,0,lambda_b,0.2,20260732
12,full_structured_model,0.9749596534752966,0.052436882181488655,0.6001706910408319,0.7007767843029897,0.7441549139374116,0.9840000000000001,0.0014074074074074071,0.5783333333333333,,0,lambda_b,0.2,20260733
13,full_structured_model,0.9833187645815757,0.03584177072021573,0.5594301128802552,0.6487322614126567,0.6953883931950751,0.9973333333333333,0.0,0.8319999999999999,,0,lambda_b,0.2,20260734
14,full_structured_model,0.984766594041218,0.03418485772654207,0.6104024381876966,0.7191874803650035,0.7568923085698077,1.0,0.0,0.59,,0,lambda_b,0.2,20260735
15,full_structured_model,0.9814991138765559,0.03968215636280682,0.5994508635743401,0.6740952737544507,0.7182997114427171,0.9933333333333334,0.0,0.8916666666666666,,0,lambda_b,0.2,20260736
16,full_structured_model,0.982715297962919,0.03516529321254431,0.5733365298263647,0.6716649417659913,0.7155695078986759,0.9893333333333334,0.0006666666666666666,0.8503809523809523,,0,lambda_b,0.2,20260737
17,full_structured_model,0.9965645971199453,0.010760299568107272,0.6130188330102615,0.7353489738838479,0.7686240418929406,1.0,0.0,0.7633333333333334,,0,lambda_b,0.2,20260738
18,full_structured_model,0.9625680306029054,0.06971833267807115,0.5558794325040161,0.6603459050694432,0.7017964675163252,1.0,0.0,0.8026666666666665,,0,lambda_b,0.2,20260739
19,full_structured_model,0.9663825400881083,0.09312521733483746,0.595395608057522,0.6687881846707144,0.7094744791505844,0.9886666666666667,0.0,0.8053333333333333,,0,lambda_b,0.2,20260740
20,full_structured_model,0.9824646023807797,0.03394691432761762,0.5801667583575233,0.6915633604749756,0.7353300537222407,0.992,0.0008333333333333333,0.36,,0,lambda_b,0.2,20260741
21,full_structured_model,0.9811741358254445,0.035704986709646704,0.5705775445365245,0.679384510576383,0.72231214910372,1.0,0.0,0.8133333333333332,,0,lambda_b,0.2,20260742
22,full_structured_model,0.9799012329077178,0.03835324684113416,0.5743950803786375,0.6696782279607578,0.7191097626609226,1.0,0.0,0.84,,0,lambda_b,0.2,20260743
23,full_structured_model,0.9742369213298223,0.04492420674117932,0.5814071397660924,0.6694731377582558,0.7112342396388313,1.0,0.0,0.8583333333333333,,0,lambda_b,0.2,20260744
24,full_structured_model,0.9683984331383897,0.04992503202713415,0.5489785853789803,0.6659696097364005,0.7055671048671398,0.9933333333333334,0.0009090909090909091,0.8476666666666666,,0,lambda_b,0.2,20260745
25,full_structured_model,0.9877480790974359,0.028501027900659098,0.566454100219604,0.6807825188290351,0.7207849743668251,0.9966666666666667,0.0,0.7236666666666668,,0,lambda_b,0.2,20260746
26,full_structured_model,0.9650749405642112,0.06535837606398025,0.5220684904762475,0.6219070704806131,0.6684869432444231,0.9926666666666668,0.0,0.7841904761904762,,0,lambda_b,0.2,20260747
27,full_structured_model,0.9704332860623439,0.05393866531767565,0.5893967212963367,0.6875012843047721,0.7342985896786725,1.0,0.0,0.8233333333333333,,0,lambda_b,0.2,20260748
28,full_structured_model,0.9634361638926757,0.04497929754085988,0.5322045532429429,0.68290118595089,0.7306324762726569,1.0,0.0,0.76,,0,lambda_b,0.2,20260749
29,full_structured_model,0.9669438680888681,0.05493923457774568,0.5896097956414699,0.7003614580056543,0.7409124427677557,0.9926666666666667,0.0,0.7833333333333333,,0,lambda_b,0.2,20260750
0,full_structured_model,0.9820047630416567,0.028632512704000315,0.5,0.64919915580495,0.6984536005853608,1.0,0.0,0.0,,0,omega,0.0,20260721
1,full_structured_model,0.9593048360590049,0.08966277484043793,0.5,0.6237440294003451,0.6712791828976566,0.9966666666666666,0.0,0.0,,0,omega,0.0,20260722
2,full_structured_model,0.953277086148409,0.12706829208117976,0.5,0.584941932364079,0.6293465499080498,1.0,0.0,0.0,,0,omega,0.0,20260723
3,full_structured_model,0.9571520140720196,0.06205987920746792,0.5,0.6344227678315111,0.6767721432783409,1.0,0.0,0.0,,0,omega,0.0,20260724
4,full_structured_model,0.9870785984222236,0.02969799094579149,0.5,0.6315776092153462,0.6772739574355952,1.0,0.0,0.0,,0,omega,0.0,20260725
5,full_structured_model,0.9854963366777869,0.03150522300709367,0.5,0.6153851409739957,0.6664979064479393,0.9960000000000001,0.0,0.0,,0,omega,0.0,20260726
6,full_structured_model,0.9806100066100333,0.025258868270931226,0.5,0.6232915858986048,0.6736725409992481,1.0,0.0,0.0,,0,omega,0.0,20260727
7,full_structured_model,0.9851007139099818,0.03601628705215113,0.5,0.6575756048410472,0.710572211107511,1.0,0.0,0.0,,0,omega,0.0,20260728
8,full_structured_model,0.9746062268578497,0.04825591221192423,0.5,0.5991089989194897,0.6460121084407584,1.0,0.0,0.0,,0,omega,0.0,20260729
9,full_structured_model,0.9305669314665067,0.1478588281689608,0.5,0.6137041736824618,0.6629557269137268,1.0,0.0,0.0,,0,omega,0.0,20260730
10,full_structured_model,0.9449867494163312,0.11107797717227619,0.5,0.6220903107921307,0.6672374967410077,1.0,0.0,0.0,,0,omega,0.0,20260731
11,full_structured_model,0.9877213168747631,0.02124472719901246,0.5,0.6610381515725369,0.707576006749224,1.0,0.0,0.0,,0,omega,0.0,20260732
12,full_structured_model,0.9409094157362978,0.13166556542768867,0.5,0.5773854174188136,0.6252308074855901,0.9986666666666667,0.0,0.0,,0,omega,0.0,20260733
13,full_structured_model,0.9579569313681476,0.11778540867819771,0.5,0.6451265297030508,0.6897099860151518,1.0,0.0,0.0,,0,omega,0.0,20260734
14,full_structured_model,0.9737441054102296,0.05770542196623483,0.5,0.6206930144472245,0.6687589320515511,1.0,0.0,0.0,,0,omega,0.0,20260735
15,full_structured_model,0.9832848341240338,0.026426263365588832,0.5,0.6346819008171805,0.6804285728303862,1.0,0.0,0.0,,0,omega,0.0,20260736
16,full_structured_model,0.9817960940802035,0.035530167117030546,0.5,0.6597494469837483,0.7020265512527399,1.0,0.0,0.0,,0,omega,0.0,20260737
17,full_structured_model,0.9940563364448856,0.017626632025823496,0.5,0.6816264008701434,0.7179344702858447,1.0,0.0,0.0,,0,omega,0.0,20260738
18,full_structured_model,0.9522644801269067,0.10936552085412747,0.5,0.6384076840319951,0.6834507761765718,1.0,0.0,0.0,,0,omega,0.0,20260739
19,full_structured_model,0.9679825705188309,0.07738400706029756,0.5,0.5875883327907891,0.6403238225355016,1.0,0.0,0.0,,0,omega,0.0,20260740
20,full_structured_model,0.9456437050379197,0.13268900627296587,0.5,0.6138765270322991,0.6561580560796304,1.0,0.0,0.0,,0,omega,0.0,20260741
21,full_structured_model,0.8734102698631463,0.2005521220230454,0.5,0.5418513223729431,0.5964577374341613,0.9953333333333333,0.0,0.0,,0,omega,0.0,20260742
22,full_structured_model,0.8639085846330719,0.20126305169861575,0.5,0.5354613283075763,0.584292463792553,1.0,0.0,0.0,,0,omega,0.0,20260743
23,full_structured_model,0.9791207816006163,0.05016827643794042,0.5,0.6224155723348296,0.6681178026707442,0.9893333333333334,0.0,0.0,,0,omega,0.0,20260744
24,full_structured_model,0.9790885450489394,0.054314388227766866,0.5,0.6416700281204146,0.6861398967530523,1.0,0.0,0.0,,0,omega,0.0,20260745
25,full_structured_model,0.9909607255771097,0.017956601381898377,0.5,0.639362773964675,0.6850660688544157,1.0,0.0,0.0,,0,omega,0.0,20260746
26,full_structured_model,0.9578819303469149,0.11221500850792447,0.5,0.5816456920942413,0.6311165846778608,1.0,0.0,0.0,,0,omega,0.0,20260747
27,full_structured_model,0.9900905525128338,0.017711940154568402,0.5,0.6373275675924471,0.6789921423515763,1.0,0.0,0.0,,0,omega,0.0,20260748
28,full_structured_model,0.9560065864143504,0.09483490862889868,0.5,0.5958024656079575,0.6461674010733445,1.0,0.0,0.0,,0,omega,0.0,20260749
29,full_structured_model,0.9764994787117441,0.052392434964543426,0.5,0.5958773431277341,0.6471053213816118,1.0,0.0,0.0,,0,omega,0.0,20260750
0,full_structured_model,0.9736349639134599,0.06675685762844345,0.6007112662786026,0.6071037677306275,0.6563218988975773,0.9980000000000001,0.0,0.0,,0,omega,0.25,20260721
1,full_structured_model,0.9824836580985895,0.026764448166500542,0.634006590123312,0.6697605260928783,0.7155691544686323,1.0,0.0,0.0,,0,omega,0.25,20260722
2,full_structured_model,0.9687975564170546,0.07470723354707114,0.5792280342323706,0.6110289254711523,0.6566235190849519,1.0,0.0,0.0,,0,omega,0.25,20260723
3,full_structured_model,0.98486903794673,0.04954654954001124,0.58962821126797,0.6535630676359665,0.6957099147673361,1.0,0.0,0.0,,0,omega,0.25,20260724
4,full_structured_model,0.9834138337979313,0.04333863222373287,0.5751026953656039,0.6242780211084118,0.6748766297333268,1.0,0.0,0.0,,0,omega,0.25,20260725
5,full_structured_model,0.754171134853268,0.2966972840806057,0.5201920645334436,0.5305220608579337,0.5797456630026371,0.9486666666666665,0.003661471861471861,0.46482539682539686,,0,omega,0.25,20260726
6,full_structured_model,0.9772455186314652,0.07368134115307363,0.603484685748256,0.6392647754047202,0.6848304378300003,1.0,0.0,0.0,,0,omega,0.25,20260727
7,full_structured_model,0.9898197544844632,0.021655622393922436,0.6573581123909968,0.676876974197439,0.7292609786279577,1.0,0.0,0.0,,0,omega,0.25,20260728
8,full_structured_model,0.9921856402152358,0.015412681289421448,0.6328741626561475,0.6852448301150147,0.7341927290631695,1.0,0.0,0.0,,0,omega,0.25,20260729
9,full_structured_model,0.975732148861363,0.07381947976223047,0.5958018665897559,0.5993406485432214,0.6554035316080444,1.0,0.0,0.0,,0,omega,0.25,20260730
10,full_structured_model,0.9804012191062347,0.058162544339613674,0.6299587233965757,0.6754893293807774,0.7202067250389819,1.0,0.0,0.0,,0,omega,0.25,20260731
11,full_structured_model,0.9787173329509355,0.031235827603777595,0.585443506316443,0.6371260365496666,0.6846239150124656,1.0,0.0,0.0,,0,omega,0.25,20260732
12,full_structured_model,0.9908519879308008,0.017261935164296492,0.6340775774223872,0.6997593178986874,0.7405116507038343,1.0,0.0,0.0,,0,omega,0.25,20260733
13,full_structured_model,0.9629468355238481,0.1396404682798827,0.5994739409870784,0.6241416133042662,0.6680333391967576,0.9960000000000001,0.0,0.4,,0,omega,0.25,20260734
14,full_structured_model,0.8803941860155714,0.2785763639766346,0.5952062416044098,0.6584907004318313,0.6990652442990732,0.9753333333333333,0.0030484330484330485,0.40471428571428575,,0,omega,0.25,20260735
15,full_structured_model,0.8458238804800279,0.24191330378036174,0.5237827724801799,0.5413137070355001,0.5950181336712175,0.9853333333333333,0.0022814814814814816,0.6076666666666667,,0,omega,0.25,20260736
16,full_structured_model,0.9848313383029184,0.023275976022393376,0.6116493245619431,0.6705920044007679,0.7112388370169052,1.0,0.0,0.0,,0,omega,0.25,20260737
17,full_structured_model,0.9438515533767262,0.1469627241387342,0.5681823495744233,0.5885039575996334,0.6371679330536082,1.0,0.0,0.46,,0,omega,0.25,20260738
18,full_structured_model,0.9901771608027663,0.01919361017421788,0.6246943374097701,0.702762063145973,0.7492908663419066,1.0,0.0,0.0,,0,omega,0.25,20260739
19,full_structured_model,0.8972687841319987,0.20003343322356276,0.5477528902106357,0.5632231621648569,0.6160032060148314,0.9886666666666667,0.0008333333333333333,0.595,,0,omega,0.25,20260740
20,full_structured_model,0.9854506984615505,0.02416765976311023,0.6102946332144893,0.6418414823477907,0.684284967261191,1.0,0.0,0.0,,0,omega,0.25,20260741
21,full_structured_model,0.9420752678805687,0.09358697070626268,0.5544350774700537,0.6038601319303718,0.6507141662485441,1.0,0.0,0.22333333333333333,,0,omega,0.25,20260742
22,full_structured_model,0.9859350875314276,0.03602687441264386,0.6017028406756779,0.6469170048048271,0.6901108114031347,1.0,0.0,0.0,,0,omega,0.25,20260743
23,full_structured_model,0.9793351795620219,0.0955925530410265,0.6096299575901191,0.6420179461651915,0.689802144513573,1.0,0.0,0.0,,0,omega,0.25,20260744
24,full_structured_model,0.990547732291104,0.014915130344022039,0.6281913464401234,0.6689659279505489,0.7138522343083852,1.0,0.0,0.0,,0,omega,0.25,20260745
25,full_structured_model,0.9795131509941827,0.04913237590604022,0.6220029642403985,0.6278593064772975,0.6783757829044186,1.0,0.0,0.0,,0,omega,0.25,20260746
26,full_structured_model,0.9394632109006518,0.1588010581359073,0.6038486532409074,0.6073666338937749,0.6566858219119781,0.9866666666666667,0.0,0.535,,0,omega,0.25,20260747
27,full_structured_model,0.9676116678861953,0.060173075593775854,0.583711163962235,0.6339141715471518,0.67720786634716,1.0,0.0,0.0,,0,omega,0.25,20260748
28,full_structured_model,0.9664688302348707,0.06048532735799963,0.5730874245702883,0.611454694703748,0.6561770566925611,1.0,0.0,0.0,,0,omega,0.25,20260749
29,full_structured_model,0.9694715112358838,0.04956649561382955,0.5906025636775778,0.6482144629958839,0.6963613041026657,1.0,0.0,0.0,,0,omega,0.25,20260750
0,full_structured_model,0.9530827735072056,0.09289680994858879,0.5472824392347653,0.6141508354723371,0.6695792545309532,1.0,0.0,0.7356666666666666,,0,omega,0.6,20260721
1,full_structured_model,0.9809732622810342,0.04019907741393904,0.5544796669664734,0.6318917605080944,0.6812411950968886,1.0,0.0,0.857,,0,omega,0.6,20260722
2,full_structured_model,0.9481981240065022,0.11316827697814176,0.5012034200673252,0.6101370692953414,0.6588697201883421,0.998,0.0,0.7900476190476191,,0,omega,0.6,20260723
3,full_structured_model,0.9405731139636255,0.1590740296845477,0.526504590372226,0.5848694691685301,0.6348279066378443,0.99,0.0,0.6755952380952381,,0,omega,0.6,20260724
4,full_structured_model,0.964216134793354,0.11408047783419202,0.5883823825343613,0.6610754674863721,0.7085804322658537,0.9833333333333334,0.0007407407407407407,0.7775238095238095,,0,omega,0.6,20260725
5,full_structured_model,0.9245346373023259,0.13893878126175485,0.49572008480729607,0.5629627378529249,0.6133030883128777,0.996,0.0,0.7984994727494726,,0,omega,0.6,20260726
6,full_structured_model,0.9678976311343379,0.13182276267633056,0.5573986720232814,0.6355161327136148,0.6846625194988221,0.9820000000000002,0.0,0.7657619047619048,,0,omega,0.6,20260727
7,full_structured_model,0.9902768955120727,0.016930156599877462,0.6225725223448905,0.6930280147129,0.7414584904508533,1.0,0.0,0.0,,0,omega,0.6,20260728
8,full_structured_model,0.965217262483632,0.10886796601993697,0.5683763419369523,0.6266465791414778,0.6749233862627871,0.9966666666666666,0.0,0.8343333333333334,,0,omega,0.6,20260729
9,full_structured_model,0.9774366535875098,0.036969915084031454,0.5500222328946996,0.6205555598760678,0.666225199150931,1.0,0.0,0.7800656565656564,,0,omega,0.6,20260730
10,full_structured_model,0.9647950405107594,0.054279952269944205,0.5571914235861252,0.6304801028932334,0.6743972944854768,1.0,0.0,0.7619523809523809,,0,omega,0.6,20260731
11,full_structured_model,0.9909699203196058,0.020459093537647795,0.6087204567099007,0.6704301700589201,0.7154577400040771,1.0,0.0,0.7283333333333333,,0,omega,0.6,20260732
12,full_structured_model,0.9877414240173145,0.025937264045412585,0.55402667639454,0.6757608622285567,0.7119712882199962,1.0,0.0,0.7643333333333334,,0,omega,0.6,20260733
13,full_structured_model,0.984237659787251,0.024514275483031388,0.530059946307049,0.6531869509342169,0.6976212598161079,1.0,0.0,0.8376666666666667,,0,omega,0.6,20260734
14,full_structured_model,0.9881373942891698,0.027850170735235373,0.6021485870270442,0.6689951224536053,0.7156691356097232,1.0,0.0,0.8483333333333333,,0,omega,0.6,20260735
15,full_structured_model,0.8631880621112767,0.23130626712253943,0.4701215611228954,0.588179825446479,0.629139544192886,0.9960000000000001,0.0,0.7904069264069264,,0,omega,0.6,20260736
16,full_structured_model,0.9736614421631048,0.05598428729364604,0.5626301202081815,0.6293488646933711,0.680150245521856,1.0,0.0,0.7976666666666666,,0,omega,0.6,20260737
17,full_structured_model,0.9327585873171084,0.1215820928641583,0.5074449681497196,0.5959435100597841,0.6407757645227647,1.0,0.0,0.7687236652236652,,0,omega,0.6,20260738
18,full_structured_model,0.9804880985528936,0.03315851442610585,0.5571226964700118,0.7093168158977421,0.7502538332755375,1.0,0.0,0.7733333333333334,,0,omega,0.6,20260739
19,full_structured_model,0.9935707271927892,0.012978974106881501,0.5844611263166164,0.6767269048888633,0.7156731274763883,1.0,0.0,0.7524285714285713,,0,omega,0.6,20260740
20,full_structured_model,0.915572189821619,0.18722163792509627,0.4802649809618984,0.5681801317681299,0.6119313202436382,0.9826666666666668,0.0008,0.7241561216561214,,0,omega,0.6,20260741
21,full_structured_model,0.9268753366427551,0.12430467930724938,0.5391380539915713,0.6197890044142274,0.6674650975686859,0.998,0.0,0.7717619047619046,,0,omega,0.6,20260742
22,full_structured_model,0.933261382107818,0.1494847512706247,0.528482574760761,0.5970588478462268,0.6450849814034331,1.0,0.0,0.6632936507936508,,0,omega,0.6,20260743
23,full_structured_model,0.9675540428384664,0.08642373613592025,0.5756266692249347,0.6320514978806808,0.6737645658739629,1.0,0.0,0.7845714285714286,,0,omega,0.6,20260744
24,full_structured_model,0.979364335352997,0.06749840983184631,0.5612702582827737,0.6239843169680104,0.6715801791328332,1.0,0.0,0.829095238095238,,0,omega,0.6,20260745
25,full_structured_model,0.9769441757697394,0.048013317767182886,0.5254903595415065,0.6243841686327444,0.6682799689959661,1.0,0.0,0.8218968253968254,,0,omega,0.6,20260746
26,full_structured_model,0.9609053013887157,0.0953279938931081,0.5461919525085384,0.6352293136107989,0.6787474282313047,1.0,0.0,0.7639999999999999,,0,omega,0.6,20260747
27,full_structured_model,0.9000911461584591,0.16482102199713686,0.5395510165410411,0.5432157071322908,0.5915588495805456,1.0,0.0,0.6992164502164501,,0,omega,0.6,20260748
28,full_structured_model,0.9912914642893568,0.019521992369479577,0.5666720858761376,0.6312979610151899,0.6745998260340358,1.0,0.0,0.7606666666666666,,0,omega,0.6,20260749
29,full_structured_model,0.9680788190806614,0.09252150840424848,0.5301526287758686,0.6296776801923333,0.6801639302147449,1.0,0.0,0.8343571428571428,,0,omega,0.6,20260750
0,full_structured_model,0.8979029117639007,0.18036627724614426,0.4541734642604806,0.5450857824836757,0.5966247432601358,0.9986666666666667,0.0,0.7905784606690179,,0,omega,1.0,20260721
1,full_structured_model,0.8272974457845116,0.25051358867840096,0.3987592660095275,0.5702030480452678,0.6218573750626439,0.9846666666666667,0.0,0.7666785436785436,,0,omega,1.0,20260722
2,full_structured_model,0.9383325641441221,0.118229700151378,0.40372257024167857,0.5903054594772494,0.6378486641881679,0.9993333333333334,0.0,0.8066757457368914,,0,omega,1.0,20260723
3,full_structured_model,0.9782736861212175,0.04487607345780302,0.5167318810712058,0.6576870642380779,0.6958478218055246,1.0,0.0,0.8183492063492064,,0,omega,1.0,20260724
4,full_structured_model,0.9716449525561159,0.09437567089526641,0.5216991903446232,0.6578410021054257,0.705900742084411,0.9993333333333334,0.0,0.811499888999889,,0,omega,1.0,20260725
5,full_structured_model,0.8321639552895183,0.29218003851035174,0.44663969448362756,0.5444648761696816,0.5904502450647073,0.9566666666666667,0.002575757575757576,0.7729237320127413,,0,omega,1.0,20260726
6,full_structured_model,0.8603754882185427,0.25829943768508595,0.39611623478839764,0.5686505188726013,0.6125465899144503,0.9646666666666667,0.0017523809523809525,0.7732234262125902,,0,omega,1.0,20260727
7,full_structured_model,0.9714056564855881,0.07299649600769648,0.527739786118149,0.6573726313943705,0.7046975703526305,1.0,0.0,0.8756269841269841,,0,omega,1.0,20260728
8,full_structured_model,0.9920485748451565,0.015036728874159896,0.5436691340756391,0.6690159070441994,0.7108467202228844,1.0,0.0,0.8778549783549784,,0,omega,1.0,20260729
9,full_structured_model,0.9311099631876492,0.15090628409931398,0.48463248908432327,0.5993879372747323,0.6439953113762295,1.0,0.0,0.8111207322089673,,0,omega,1.0,20260730
10,full_structured_model,0.9840715039612896,0.025378331005764598,0.5141242986591764,0.61639170545873,0.6633068016317238,1.0,0.0,0.8281561771561773,,0,omega,1.0,20260731
11,full_structured_model,0.9777222456329552,0.05066601678474328,0.5374781729367443,0.6668303392038024,0.7129585298687098,1.0,0.0,0.9091428571428571,,0,omega,1.0,20260732
12,full_structured_model,0.9844094305629206,0.03218185636423632,0.5576818764022158,0.6247326752046531,0.671029932554378,1.0,0.0,0.7856955266955267,,0,omega,1.0,20260733
13,full_structured_model,0.6432981388427526,0.3400281958838047,0.3080969504803239,0.48088748408454285,0.5281840803152966,0.9380000000000002,0.005270719618545705,0.6903466356933176,,0,omega,1.0,20260734
14,full_structured_model,0.9800936256276631,0.030617681487385785,0.47481982058135774,0.6491171008503563,0.698091947001328,1.0,0.0,0.8220017205017206,,0,omega,1.0,20260735
15,full_structured_model,0.8988157398517286,0.16132805098169867,0.43138510500460575,0.5568420050013373,0.6019234518907081,1.0,0.0,0.7704679875508047,,0,omega,1.0,20260736
16,full_structured_model,0.9721946079328031,0.07894653314685654,0.5177562427877636,0.6390527861222014,0.6916935037836837,1.0,0.0,0.8408845598845599,,0,omega,1.0,20260737
17,full_structured_model,0.9540127690553548,0.10026301076587417,0.41687702292361956,0.6263233876083557,0.671773531965834,1.0,0.0,0.8729525209912207,,0,omega,1.0,20260738
18,full_structured_model,0.979099900039658,0.05093846080820553,0.5139818990502619,0.6611272768247193,0.7076403323686012,1.0,0.0,0.8278968253968254,,0,omega,1.0,20260739
19,full_structured_model,0.9071959942265996,0.2118720189832646,0.48689806715186423,0.5890023840686116,0.6374952526158038,1.0,0.0,0.8004806304806305,,0,omega,1.0,20260740
20,full_structured_model,0.935068368461878,0.16142173977880414,0.48933294897150403,0.6048659371762996,0.6482760626938144,1.0,0.0,0.8226848758396748,,0,omega,1.0,20260741
21,full_structured_model,0.9767793471566246,0.07613360076608432,0.5246609927713851,0.6445281852913038,0.6946919804774603,1.0,0.0,0.8732631257631257,,0,omega,1.0,20260742
22,full_structured_model,0.8285872167116515,0.23617257939266786,0.3949231286472251,0.5709588754317353,0.6220104397705054,0.9926666666666668,0.0,0.7634516317016318,,0,omega,1.0,20260743
23,full_structured_model,0.9832839823350911,0.031112903599694347,0.5113520276075508,0.6605157858760209,0.7023423163484712,1.0,0.0,0.8868780663780663,,0,omega,1.0,20260744
24,full_structured_model,0.9625384381009223,0.05400051247135552,0.4349146931775517,0.5699826984408828,0.6194358982622727,0.9980000000000001,0.0,0.8332542177464779,,0,omega,1.0,20260745
25,full_structured_model,0.9442031614117282,0.14020121381235431,0.5169204252586066,0.6185057249269041,0.6645253440555584,0.986,0.0008695652173913043,0.7915655455655455,,0,omega,1.0,20260746
26,full_structured_model,0.97513850211939,0.06867225853121918,0.47426344385704056,0.6190886539281091,0.6703832563542546,0.9953333333333333,0.0,0.8678449883449884,,0,omega,1.0,20260747
27,full_structured_model,0.9630292537433142,0.14888149482629698,0.5439757366903475,0.6477176712162114,0.6968983552953645,0.9886666666666667,0.0,0.8034444444444443,,0,omega,1.0,20260748
28,full_structured_model,0.9854854256338471,0.03736999005354231,0.5166215325747594,0.6649586237444283,0.7111204603499175,1.0,0.0,0.8384844044844044,,0,omega,1.0,20260749
29,full_structured_model,0.9903606494033692,0.02020271414305183,0.5718590430800489,0.6529716684859466,0.6993206141493021,1.0,0.0,0.8063095238095238,,0,omega,1.0,20260750
0,full_structured_model,0.9930321402365164,0.017676890887214417,0.5767704851109452,0.6567137426393005,0.7043522057377741,1.0,0.0,0.8626666666666668,,0,theta,0.4,20260721
1,full_structured_model,0.9876327352851987,0.019753619728280197,0.5772505825694334,0.6943632884412496,0.7338673486455796,1.0,0.0,0.846,,0,theta,0.4,20260722
2,full_structured_model,0.9909768604790148,0.014238253376565145,0.566626344514325,0.6595754305956825,0.7014528050133718,1.0,0.0,0.8,,0,theta,0.4,20260723
3,full_structured_model,0.9844273872932985,0.022215204079744037,0.5972584065802439,0.6976605123211966,0.7365858398910018,1.0,0.0,0.8,,0,theta,0.4,20260724
4,full_structured_model,0.9885194223797714,0.02070004258157388,0.5760398735947185,0.6661259020741339,0.704512189208761,1.0,0.0,0.84,,0,theta,0.4,20260725
5,full_structured_model,0.9824220460976975,0.03832952462047714,0.5045155576911052,0.6053959805351287,0.6490489112482798,1.0,0.0,0.8086962481962482,,0,theta,0.4,20260726
6,full_structured_model,0.9897580767116404,0.01889443536230318,0.5148826177105426,0.6712572374679572,0.7176562818834782,1.0,0.0,0.4809999999999999,,0,theta,0.4,20260727
7,full_structured_model,0.9952972622882019,0.013309510968788244,0.6344969609677373,0.7087704196436581,0.7551464619796329,1.0,0.0,0.54,,0,theta,0.4,20260728
8,full_structured_model,0.99337751704874,0.017264802885309745,0.5527822046531639,0.658673366126846,0.7026994824797848,1.0,0.0,0.7583333333333333,,0,theta,0.4,20260729
9,full_structured_model,0.991286130079305,0.015493973597777275,0.5685883116502858,0.6619068691206622,0.7080548236182719,1.0,0.0,0.76,,0,theta,0.4,20260730
10,full_structured_model,0.991892987289963,0.016395150154213348,0.547523657660943,0.6474849900156101,0.6939944497302558,1.0,0.0,0.8043333333333333,,0,theta,0.4,20260731
11,full_structured_model,0.9917715283515057,0.013661288333795586,0.5602250000272642,0.6909634537363527,0.7306376510005945,1.0,0.0,0.6743333333333333,,0,theta,0.4,20260732
12,full_structured_model,0.98762361450823,0.018325908049820015,0.5610339554451794,0.6947810607680251,0.7340890900978949,1.0,0.0,0.7433333333333334,,0,theta,0.4,20260733
13,full_structured_model,0.9939534835128169,0.013832200054597052,0.546950197899608,0.6402637190271728,0.6866291302990066,1.0,0.0,0.7462857142857143,,0,theta,0.4,20260734
14,full_structured_model,0.9940128852313482,0.011398506437839004,0.590822990216012,0.6831223409511387,0.728747551650343,1.0,0.0,0.85,,0,theta,0.4,20260735
15,full_structured_model,0.9929149685820383,0.017326749221641503,0.5660698720424074,0.6768869854782897,0.7210755162245718,1.0,0.0,0.9209999999999999,,0,theta,0.4,20260736
16,full_structured_model,0.9776023317034727,0.06463793619205506,0.5536637388072507,0.6331187646713884,0.6811861949489235,1.0,0.0,0.8207142857142857,,0,theta,0.4,20260737
17,full_structured_model,0.9942603306600771,0.01406442846631193,0.6007893268380865,0.6869813525023452,0.7306600086133811,1.0,0.0,0.9,,0,theta,0.4,20260738
18,full_structured_model,0.9931447456223034,0.014077409568232608,0.6009088977586013,0.6916909949193818,0.7364032182248238,1.0,0.0,0.84,,0,theta,0.4,20260739
19,full_structured_model,0.9971012784874771,0.007707792960039282,0.5807424918282941,0.6571480617003777,0.7002590413250124,1.0,0.0,0.8065714285714286,,0,theta,0.4,20260740
20,full_structured_model,0.9868171061860987,0.019294015667749825,0.5856951569886438,0.6827467862735125,0.7263154826419799,1.0,0.0,0.9,,0,theta,0.4,20260741
21,full_structured_model,0.9937681087802767,0.013571599679836002,0.6218250905145337,0.701437244706475,0.7441491075584223,1.0,0.0,0.78,,0,theta,0.4,20260742
22,full_structured_model,0.9940860438259207,0.01742461355912983,0.5816861139011678,0.6344852652235671,0.6807904793352749,1.0,0.0,0.767,,0,theta,0.4,20260743
23,full_structured_model,0.9947273325435815,0.013381481217299125,0.5793095788593374,0.6534005671227167,0.6938385884722955,1.0,0.0,0.7165238095238096,,0,theta,0.4,20260744
24,full_structured_model,0.9932553663179853,0.012458335593836585,0.5508353814332383,0.6914795999883391,0.7316404320405236,1.0,0.0,0.0,,0,theta,0.4,20260745
25,full_structured_model,0.9950970036226944,0.011302470422909208,0.5835499925961416,0.6616479945394568,0.7056023784539807,1.0,0.0,0.8109999999999999,,0,theta,0.4,20260746
26,full_structured_model,0.9884662827605125,0.017525494677598043,0.5894531061637551,0.651613225260725,0.6985796332975736,1.0,0.0,0.825,,0,theta,0.4,20260747
27,full_structured_model,0.9913588979842497,0.013850360547749758,0.5957863575801264,0.6553576516469717,0.6998534504635436,1.0,0.0,0.7186666666666668,,0,theta,0.4,20260748
28,full_structured_model,0.9895169974541784,0.017868663764093278,0.5526143255052489,0.6694488060816448,0.7109758730088813,1.0,0.0,0.8,,0,theta,0.4,20260749
29,full_structured_model,0.9926108132941404,0.012914787898266254,0.5822763137727444,0.6993415387223167,0.7429583777916966,1.0,0.0,0.67,,0,theta,0.4,20260750
0,full_structured_model,0.9530827735072056,0.09289680994858879,0.5472824392347653,0.6141508354723371,0.6695792545309532,1.0,0.0,0.7356666666666666,,0,theta,0.5,20260721
1,full_structured_model,0.9809732622810342,0.04019907741393904,0.5544796669664734,0.6318917605080944,0.6812411950968886,1.0,0.0,0.857,,0,theta,0.5,20260722
2,full_structured_model,0.9481981240065022,0.11316827697814176,0.5012034200673252,0.6101370692953414,0.6588697201883421,0.998,0.0,0.7900476190476191,,0,theta,0.5,20260723
3,full_structured_model,0.9405731139636255,0.1590740296845477,0.526504590372226,0.5848694691685301,0.6348279066378443,0.99,0.0,0.6755952380952381,,0,theta,0.5,20260724
4,full_structured_model,0.964216134793354,0.11408047783419202,0.5883823825343613,0.6610754674863721,0.7085804322658537,0.9833333333333334,0.0007407407407407407,0.7775238095238095,,0,theta,0.5,20260725
5,full_structured_model,0.9245346373023259,0.13893878126175485,0.49572008480729607,0.5629627378529249,0.6133030883128777,0.996,0.0,0.7984994727494726,,0,theta,0.5,20260726
6,full_structured_model,0.9678976311343379,0.13182276267633056,0.5573986720232814,0.6355161327136148,0.6846625194988221,0.9820000000000002,0.0,0.7657619047619048,,0,theta,0.5,20260727
7,full_structured_model,0.9902768955120727,0.016930156599877462,0.6225725223448905,0.6930280147129,0.7414584904508533,1.0,0.0,0.0,,0,theta,0.5,20260728
8,full_structured_model,0.965217262483632,0.10886796601993697,0.5683763419369523,0.6266465791414778,0.6749233862627871,0.9966666666666666,0.0,0.8343333333333334,,0,theta,0.5,20260729
9,full_structured_model,0.9774366535875098,0.036969915084031454,0.5500222328946996,0.6205555598760678,0.666225199150931,1.0,0.0,0.7800656565656564,,0,theta,0.5,20260730
10,full_structured_model,0.9647950405107594,0.054279952269944205,0.5571914235861252,0.6304801028932334,0.6743972944854768,1.0,0.0,0.7619523809523809,,0,theta,0.5,20260731
11,full_structured_model,0.9909699203196058,0.020459093537647795,0.6087204567099007,0.6704301700589201,0.7154577400040771,1.0,0.0,0.7283333333333333,,0,theta,0.5,20260732
12,full_structured_model,0.9877414240173145,0.025937264045412585,0.55402667639454,0.6757608622285567,0.7119712882199962,1.0,0.0,0.7643333333333334,,0,theta,0.5,20260733
13,full_structured_model,0.984237659787251,0.024514275483031388,0.530059946307049,0.6531869509342169,0.6976212598161079,1.0,0.0,0.8376666666666667,,0,theta,0.5,20260734
14,full_structured_model,0.9881373942891698,0.027850170735235373,0.6021485870270442,0.6689951224536053,0.7156691356097232,1.0,0.0,0.8483333333333333,,0,theta,0.5,20260735
15,full_structured_model,0.8631880621112767,0.23130626712253943,0.4701215611228954,0.588179825446479,0.629139544192886,0.9960000000000001,0.0,0.7904069264069264,,0,theta,0.5,20260736
16,full_structured_model,0.9736614421631048,0.05598428729364604,0.5626301202081815,0.6293488646933711,0.680150245521856,1.0,0.0,0.7976666666666666,,0,theta,0.5,20260737
17,full_structured_model,0.9327585873171084,0.1215820928641583,0.5074449681497196,0.5959435100597841,0.6407757645227647,1.0,0.0,0.7687236652236652,,0,theta,0.5,20260738
18,full_structured_model,0.9804880985528936,0.03315851442610585,0.5571226964700118,0.7093168158977421,0.7502538332755375,1.0,0.0,0.7733333333333334,,0,theta,0.5,20260739
19,full_structured_model,0.9935707271927892,0.012978974106881501,0.5844611263166164,0.6767269048888633,0.7156731274763883,1.0,0.0,0.7524285714285713,,0,theta,0.5,20260740
20,full_structured_model,0.915572189821619,0.18722163792509627,0.4802649809618984,0.5681801317681299,0.6119313202436382,0.9826666666666668,0.0008,0.7241561216561214,,0,theta,0.5,20260741
21,full_structured_model,0.9268753366427551,0.12430467930724938,0.5391380539915713,0.6197890044142274,0.6674650975686859,0.998,0.0,0.7717619047619046,,0,theta,0.5,20260742
22,full_structured_model,0.933261382107818,0.1494847512706247,0.528482574760761,0.5970588478462268,0.6450849814034331,1.0,0.0,0.6632936507936508,,0,theta,0.5,20260743
23,full_structured_model,0.9675540428384664,0.08642373613592025,0.5756266692249347,0.6320514978806808,0.6737645658739629,1.0,0.0,0.7845714285714286,,0,theta,0.5,20260744
24,full_structured_model,0.979364335352997,0.06749840983184631,0.5612702582827737,0.6239843169680104,0.6715801791328332,1.0,0.0,0.829095238095238,,0,theta,0.5,20260745
25,full_structured_model,0.9769441757697394,0.048013317767182886,0.5254903595415065,0.6243841686327444,0.6682799689959661,1.0,0.0,0.8218968253968254,,0,theta,0.5,20260746
26,full_structured_model,0.9609053013887157,0.0953279938931081,0.5461919525085384,0.6352293136107989,0.6787474282313047,1.0,0.0,0.7639999999999999,,0,theta,0.5,20260747
27,full_structured_model,0.9000911461584591,0.16482102199713686,0.5395510165410411,0.5432157071322908,0.5915588495805456,1.0,0.0,0.6992164502164501,,0,theta,0.5,20260748
28,full_structured_model,0.9912914642893568,0.019521992369479577,0.5666720858761376,0.6312979610151899,0.6745998260340358,1.0,0.0,0.7606666666666666,,0,theta,0.5,20260749
29,full_structured_model,0.9680788190806614,0.09252150840424848,0.5301526287758686,0.6296776801923333,0.6801639302147449,1.0,0.0,0.8343571428571428,,0,theta,0.5,20260750
0,full_structured_model,0.8534302560546513,0.19864976887929411,0.5270973698333175,0.5973354995009728,0.6600012898975909,0.9820000000000002,0.0,0.7378571428571429,,0,theta,0.6,20260721
1,full_structured_model,0.4899122141225876,0.4221139663526002,0.35428927169864294,0.45191145382638176,0.5121840170424317,0.7900000000000001,0.03980995540855549,0.6291094673300556,,0,theta,0.6,20260722
2,full_structured_model,0.6210904495471906,0.38067522931923137,0.42163550760516816,0.5038115407318934,0.5601885181351456,0.8446666666666667,0.016607568162831318,0.6923597040214687,,0,theta,0.6,20260723
3,full_structured_model,0.42603113144220717,0.4027097045073385,0.3013307644458836,0.43835598907381784,0.489171829271146,0.7606666666666666,0.05198462135597012,0.6008648720560485,,0,theta,0.6,20260724
4,full_structured_model,0.8838908816748468,0.2147203321649499,0.5915076650630546,0.6387637908871746,0.6864220374925807,0.9633333333333334,0.0008695652173913043,0.7053333333333334,,0,theta,0.6,20260725
5,full_structured_model,0.6056473460408615,0.35554749370404043,0.41171770963979826,0.5147895972127362,0.566066805832178,0.8700000000000001,0.009312796250876746,0.6756239348886407,,0,theta,0.6,20260726
6,full_structured_model,0.293534886937164,0.3294613303831477,0.2774795171621163,0.3648812320963014,0.4276534988265201,0.7980000000000002,0.050023592674656066,0.6453384346318793,,0,theta,0.6,20260727
7,full_structured_model,0.9471901224424741,0.12616567529240114,0.5710540087276138,0.6627140299841199,0.7232249410770251,0.9913333333333334,0.0,0.7909999999999999,,0,theta,0.6,20260728
8,full_structured_model,0.5331310184634753,0.24307943562679518,0.3966014666650017,0.451366124886316,0.5078653476113633,0.9486666666666668,0.0032163742690058477,0.6779344544344545,,0,theta,0.6,20260729
9,full_structured_model,0.34163645069230475,0.35156416225273035,0.28800863854441394,0.4012176210442464,0.45787961002276006,0.7966666666666667,0.054688013740645317,0.6854129986516377,,0,theta,0.6,20260730
10,full_structured_model,0.5279080219798158,0.3779629967709234,0.34603338124479843,0.47095858468344,0.5249868015229114,0.8546666666666667,0.019845459498548747,0.6195532449147001,,0,theta,0.6,20260731
11,full_structured_model,0.724972730929892,0.307980631365526,0.47825198671134683,0.5571268201447027,0.6135723856048778,0.9440000000000002,0.0008,0.6452555222555223,,0,theta,0.6,20260732
12,full_structured_model,0.4853214728428378,0.41799351014347186,0.3350452603505854,0.4710145221322702,0.5227077320009899,0.8446666666666668,0.038336670553388824,0.5777766155413214,,0,theta,0.6,20260733
13,full_structured_model,0.5325492277219028,0.37651348113918487,0.37931829655451177,0.4802497046230119,0.5331491409996653,0.8173333333333335,0.02281818357081515,0.7086053406517803,,0,theta,0.6,20260734
14,full_structured_model,0.869819015801799,0.17319163914817218,0.5137692207931489,0.6109120104958979,0.6599320409594444,0.9913333333333333,0.0,0.6659999999999999,,0,theta,0.6,20260735
15,full_structured_model,0.4413423684381418,0.385977438777245,0.31472086931575094,0.4441932733215544,0.49802165435912404,0.7966666666666665,0.03831240267786236,0.7301125164824854,,0,theta,0.6,20260736
16,full_structured_model,0.4920383033099167,0.41785398611989766,0.3524460485775354,0.4728903348756357,0.5213928710479034,0.8286666666666668,0.03890143276504832,0.6349725009252873,,0,theta,0.6,20260737
17,full_structured_model,0.7765296209008198,0.30883864381905185,0.49103752288573904,0.5789676881971471,0.6370676728410608,0.9586666666666668,0.0035210803689064564,0.8162619047619049,,0,theta,0.6,20260738
18,full_structured_model,0.756863035562097,0.28067165350109713,0.46109022867584915,0.5781126491331166,0.635257341649676,0.9746666666666668,0.0009523809523809524,0.739331168831169,,0,theta,0.6,20260739
19,full_structured_model,0.32219171735781227,0.3510777893250109,0.27518981868555387,0.38759222942296034,0.44037827284738706,0.7839999999999999,0.05546425466966589,0.6222154878369712,,0,theta,0.6,20260740
20,full_structured_model,0.6364817769033195,0.3525644389429,0.4527260980580579,0.5186209124403363,0.5748504878969612,0.9033333333333333,0.007934967621331869,0.7263272544449015,,0,theta,0.6,20260741
21,full_structured_model,0.8073089778932643,0.29660008724040876,0.4972567603558806,0.6116489086555448,0.661701501003446,0.93,0.005502898550724638,0.7328333333333333,,0,theta,0.6,20260742
22,full_structured_model,0.6478727820686276,0.38958168590265907,0.4387545699684711,0.5621798235267073,0.613782506383851,0.8540000000000002,0.019979926480841813,0.7436061716061717,,0,theta,0.6,20260743
23,full_structured_model,0.5298972901751813,0.360571789415843,0.3794324672673659,0.49065849363690256,0.544623216041971,0.8846666666666667,0.013394969323761894,0.709053632641868,,0,theta,0.6,20260744
24,full_structured_model,0.40923564909103327,0.3207263817050919,0.30101559139177514,0.4172246791511834,0.4789260316955295,0.8820000000000001,0.009300530738611234,0.6650478883861237,,0,theta,0.6,20260745
25,full_structured_model,0.3696565327714728,0.3137366493865272,0.32290113686567057,0.413004635703956,0.4595527388767512,0.86,0.03551316072987899,0.6823565774274485,,0,theta,0.6,20260746
26,full_structured_model,0.4737039248208784,0.4085440558256099,0.3847968281438779,0.48713682111774054,0.5380611051625421,0.8113333333333332,0.030462719565324224,0.7237927405411927,,0,theta,0.6,20260747
27,full_structured_model,0.619533570741147,0.4167127505986645,0.4132155588722479,0.5543496075498364,0.5997745990771317,0.8213333333333334,0.022690387034780626,0.6536624154139633,,0,theta,0.6,20260748
28,full_structured_model,0.4442752690726627,0.4258720084265835,0.3559307848538608,0.4404440318210678,0.49278959520292304,0.7926666666666669,0.05562488612179015,0.6825846938579138,,0,theta,0.6,20260749
29,full_structured_model,0.5135740203026506,0.34845193955876874,0.3798290969557966,0.4719308585702448,0.5237414979079117,0.8833333333333334,0.01034804815067973,0.6236234168308472,,0,theta,0.6,20260750
