run,condition,final_mean_belonging,final_std_belonging,final_mean_collective_reputation,mean_helping_rate,mean_reciprocal_support_rate,mean_volunteer_retention,mean_withdrawal_rate,mean_collective_avoidance_rate,mean_signal_extraction_consistency,community_breakdown
0,payoff_only,0.5,0.0,0.5,0.229037233166618,0.3485807031062893,1.0,0.0,0.0,,0
1,payoff_only,0.5,0.0,0.5,0.2441971854964855,0.3614739588353197,1.0,0.0,0.0,,0
2,payoff_only,0.5,0.0,0.5,0.23373639007677238,0.34653380930133115,1.0,0.0,0.0,,0
3,payoff_only,0.5,0.0,0.5,0.21125896014740408,0.3314449571382536,1.0,0.0,0.0,,0
4,payoff_only,0.5,0.0,0.5,0.2436333086941177,0.3554362033260708,1.0,0.0,0.0,,0
5,payoff_only,0.5,0.0,0.5,0.23886097237964918,0.35439289570826127,1.0,0.0,0.0,,0
6,payoff_only,0.5,0.0,0.5,0.20920211450504894,0.32409532452673184,1.0,0.0,0.0,,0
7,payoff_only,0.5,0.0,0.5,0.23837716467511194,0.348687770368158,1.0,0.0,0.0,,0
8,payoff_only,0.5,0.0,0.5,0.2162713481796467,0.3348322114582445,1.0,0.0,0.0,,0
9,payoff_only,0.5,0.0,0.5,0.23066557994808767,0.35288320254736655,1.0,0.0,0.0,,0
10,payoff_only,0.5,0.0,0.5,0.23877544683222432,0.3548479455633582,1.0,0.0,0.0,,0
11,payoff_only,0.5,0.0,0.5,0.22818726457506236,0.3393691158581178,1.0,0.0,0.0,,0
12,payoff_only,0.5,0.0,0.5,0.25734755999896664,0.36282473181714264,1.0,0.0,0.0,,0
13,payoff_only,0.5,0.0,0.5,0.24203829664450205,0.35764503678931264,1.0,0.0,0.0,,0
14,payoff_only,0.5,0.0,0.5,0.2361379263861428,0.35547007413810827,1.0,0.0,0.0,,0
15,payoff_only,0.5,0.0,0.5,0.2319833260396593,0.35379736667290174,1.0,0.0,0.0,,0
16,payoff_only,0.5,0.0,0.5,0.22761370775019985,0.3455417514691677,1.0,0.0,0.0,,0
17,payoff_only,0.5,0.0,0.5,0.24709285091749755,0.3539170136697631,1.0,0.0,0.0,,0
18,payoff_only,0.5,0.0,0.5,0.24254090513814572,0.36504018332372823,1.0,0.0,0.0,,0
19,payoff_only,0.5,0.0,0.5,0.22172214780926583,0.33733885889644666,1.0,0.0,0.0,,0
20,payoff_only,0.5,0.0,0.5,0.2461110245851126,0.3588859922756981,1.0,0.0,0.0,,0
21,payoff_only,0.5,0.0,0.5,0.27677130085929386,0.3925743048031222,1.0,0.0,0.0,,0
22,payoff_only,0.5,0.0,0.5,0.23977812676696778,0.35277838204361556,1.0,0.0,0.0,,0
23,payoff_only,0.5,0.0,0.5,0.24645969403459642,0.36050659257666995,1.0,0.0,0.0,,0
24,payoff_only,0.5,0.0,0.5,0.24836881443514236,0.36329892687329424,1.0,0.0,0.0,,0
25,payoff_only,0.5,0.0,0.5,0.24144976715601296,0.36426212097126487,1.0,0.0,0.0,,0
26,payoff_only,0.5,0.0,0.5,0.23547539921752467,0.3437516076716542,1.0,0.0,0.0,,0
27,payoff_only,0.5,0.0,0.5,0.23021233077133604,0.348845329373891,1.0,0.0,0.0,,0
28,payoff_only,0.5,0.0,0.5,0.23674113609801453,0.35320575923455855,1.0,0.0,0.0,,0
29,payoff_only,0.5,0.0,0.5,0.2405565701106151,0.34937722527991744,1.0,0.0,0.0,,0
0,reputation_only,0.5,0.0,0.22264527199881454,0.2886045795337759,0.35434686496864887,1.0,0.0,0.585182327168153,,0
1,reputation_only,0.5,0.0,0.2291239231898436,0.3223105464292367,0.388194164575684,1.0,0.0,0.6101838105364421,,0
2,reputation_only,0.5,0.0,0.23056651491441738,0.3088963952060264,0.3757266274566133,1.0,0.0,0.5840633935454772,,0
3,reputation_only,0.5,0.0,0.26191866512316414,0.3253946201014851,0.3930576280895186,1.0,0.0,0.5889926432767664,,0
4,reputation_only,0.5,0.0,0.19100645338596903,0.2828135276764635,0.34692429845434625,1.0,0.0,0.6481631943213909,,0
5,reputation_only,0.5,0.0,0.1505436190411573,0.2541602437017971,0.32023504452600093,1.0,0.0,0.5921801710797654,,1
6,reputation_only,0.5,0.0,0.16121817406597783,0.23755365837479847,0.29097879863477183,1.0,0.0,0.5688748025926279,,0
7,reputation_only,0.5,0.0,0.19067380550099813,0.25317625357472573,0.31705054317719045,1.0,0.0,0.5732646710486989,,0
8,reputation_only,0.5,0.0,0.14986220483290635,0.25064580016459814,0.30663901884982553,1.0,0.0,0.4967801006066834,,1
9,reputation_only,0.5,0.0,0.17853043333299792,0.2416702382846211,0.29503053472585206,1.0,0.0,0.5291822079130395,,0
10,reputation_only,0.5,0.0,0.19260549260861282,0.2892030832234426,0.35529751388274605,1.0,0.0,0.5657530838160604,,0
11,reputation_only,0.5,0.0,0.2064855140433978,0.27995369199831444,0.3384591571808189,1.0,0.0,0.5561837554150324,,0
12,reputation_only,0.5,0.0,0.22831402795998126,0.32398497801610604,0.3881894586562762,1.0,0.0,0.5263547889273896,,0
13,reputation_only,0.5,0.0,0.2282616181193883,0.2890986772810504,0.35791082664714174,1.0,0.0,0.5292304426440583,,0
14,reputation_only,0.5,0.0,0.18360523721368477,0.2596624276435489,0.3169980347311936,1.0,0.0,0.5512837585085416,,0
15,reputation_only,0.5,0.0,0.19570299318283485,0.28635239251184197,0.34980281734489466,1.0,0.0,0.5652337118333679,,0
16,reputation_only,0.5,0.0,0.17322695894382806,0.27974489062932995,0.3419608895034759,1.0,0.0,0.5392528921501377,,1
17,reputation_only,0.5,0.0,0.1743709527136378,0.2793643352564337,0.3372888838329975,1.0,0.0,0.5959840786852544,,0
18,reputation_only,0.5,0.0,0.19749189404676892,0.2728399062820788,0.33869434874734006,1.0,0.0,0.5541158216447528,,0
19,reputation_only,0.5,0.0,0.20649484419546493,0.2912996743359242,0.3529117937820768,1.0,0.0,0.5511603734235668,,0
20,reputation_only,0.5,0.0,0.18877204650705082,0.29403102909265244,0.35686545048395457,1.0,0.0,0.6891641877504875,,1
21,reputation_only,0.5,0.0,0.21937264826808328,0.30580062552649034,0.3731556610280732,1.0,0.0,0.5777304122419212,,0
22,reputation_only,0.5,0.0,0.2050627615736233,0.2769909343210595,0.34105848171174935,1.0,0.0,0.5652647600299572,,0
23,reputation_only,0.5,0.0,0.19975024345375164,0.29288726162262974,0.3674214661595863,1.0,0.0,0.47201568661311427,,0
24,reputation_only,0.5,0.0,0.2192404857686178,0.3008785921942134,0.36851531839864116,1.0,0.0,0.6563968917839762,,0
25,reputation_only,0.5,0.0,0.24698392618589488,0.30509198196024817,0.3640503750118729,1.0,0.0,0.556867760780908,,0
26,reputation_only,0.5,0.0,0.2538814848595155,0.3389598653765432,0.40657071659827876,1.0,0.0,0.5406317864439146,,0
27,reputation_only,0.5,0.0,0.2009400769093254,0.2622126520635405,0.32546715338063775,1.0,0.0,0.5683618747223386,,0
28,reputation_only,0.5,0.0,0.2361834170426892,0.32506608976715995,0.3991229342979824,1.0,0.0,0.6011839979773146,,0
29,reputation_only,0.5,0.0,0.23697978018734084,0.2939973120528982,0.3535275932852165,1.0,0.0,0.6213205565642064,,0
0,belonging_only,0.25378533333333286,0.22623303324571215,0.5,0.1754449681262038,0.2937914312101652,0.802,0.060422219103939384,0.0,,1
1,belonging_only,0.16738133333333285,0.1328431354576599,0.5,0.14466672268892622,0.25821373231388645,0.7446666666666667,0.09610920583581777,0.0,,1
2,belonging_only,0.3093733333333328,0.14883300040276304,0.5,0.2001119497117949,0.31540648373814006,0.8980000000000001,0.04319140938181185,0.0,,0
3,belonging_only,0.2749733333333328,0.163013151316764,0.5,0.18330623724101985,0.2976713757582212,0.8553333333333335,0.04760406308966007,0.0,,1
4,belonging_only,0.3016826666666662,0.24407274039970575,0.5,0.20415697032361454,0.3117071597660203,0.7906666666666666,0.05935250645467363,0.0,,0
5,belonging_only,0.18076399999999954,0.12894456166895904,0.5,0.15274177527875873,0.26363111654838334,0.7,0.10911522498828999,0.0,,1
6,belonging_only,0.12611066666666632,0.12419503100455423,0.5,0.13267679456766143,0.24287961061126698,0.6686666666666667,0.13928628621120878,0.0,,1
7,belonging_only,0.32077866666666605,0.20152174876397053,0.5,0.20697629530174286,0.3162288302337199,0.8526666666666668,0.07106139689344024,0.0,,0
8,belonging_only,0.2636106666666661,0.15460273423484094,0.5,0.1818229865137928,0.29914656641798254,0.8380000000000001,0.04335145573380867,0.0,,0
9,belonging_only,0.2907919999999995,0.231278959388873,0.5,0.18692481491303004,0.3053827156507362,0.834,0.061758833357904566,0.0,,0
10,belonging_only,0.2142106666666662,0.12991816662636343,0.5,0.1561994381271202,0.2703792548756339,0.7859999999999999,0.07319090464059505,0.0,,1
11,belonging_only,0.23513466666666616,0.16793996529977262,0.5,0.1615131770160711,0.2853039937519444,0.794,0.06650957358774696,0.0,,1
12,belonging_only,0.2505973333333328,0.19900417682272117,0.5,0.17295639927443665,0.29209660026001727,0.7879999999999999,0.06470593187342413,0.0,,0
13,belonging_only,0.23213999999999943,0.15412461685272727,0.5,0.16749737105000262,0.28678480817428187,0.7693333333333332,0.07231948022737496,0.0,,0
14,belonging_only,0.2376853333333328,0.16363454752859752,0.5,0.1727851308403536,0.29641069859606006,0.8180000000000001,0.07027010931964492,0.0,,1
15,belonging_only,0.34124533333333285,0.23297344575055942,0.5,0.21204739768091496,0.3257707118289646,0.8526666666666668,0.04900227604390345,0.0,,1
16,belonging_only,0.3884293333333328,0.21384968476219193,0.5,0.23196276168156632,0.3437296825327348,0.8953333333333336,0.040234600766637374,0.0,,0
17,belonging_only,0.24102666666666608,0.17955744063916948,0.5,0.17299009315044447,0.2869099244767437,0.7580000000000001,0.060448304963010846,0.0,,0
18,belonging_only,0.1738626666666662,0.1279311909565276,0.5,0.1502845345976319,0.2625418708462086,0.7286666666666668,0.10017974007864977,0.0,,1
19,belonging_only,0.29091733333333275,0.1967051291473836,0.5,0.17780011199670642,0.30932797396961487,0.84,0.03562822497420021,0.0,,1
20,belonging_only,0.20031466666666617,0.11663566920781794,0.5,0.14728759493000979,0.2711901265573092,0.8,0.07599061301615481,0.0,,1
21,belonging_only,0.3045999999999995,0.18282363523352224,0.5,0.20577180526881023,0.3172306078641151,0.8706666666666668,0.05046477607061131,0.0,,0
22,belonging_only,0.15769199999999955,0.14434139536529353,0.5,0.144833412485721,0.2466154620106565,0.746,0.10999167796876103,0.0,,1
23,belonging_only,0.18261733333333285,0.12308653505923739,0.5,0.15013647489421483,0.2638202473051544,0.7646666666666667,0.10255373496472567,0.0,,1
24,belonging_only,0.1481759999999996,0.144220397114971,0.5,0.13426391779501215,0.2460251374543406,0.6873333333333335,0.11731763437800591,0.0,,1
25,belonging_only,0.19482666666666623,0.16728929938549222,0.5,0.15253978352229125,0.26651007953690614,0.7553333333333333,0.10922481070700885,0.0,,1
26,belonging_only,0.19480666666666618,0.16129994654542051,0.5,0.16050578468360135,0.2708254902136346,0.7620000000000001,0.09541254642442555,0.0,,1
27,belonging_only,0.15075199999999966,0.15164546948722188,0.5,0.13162246353204085,0.24059219949446764,0.7093333333333334,0.12828828636104178,0.0,,1
28,belonging_only,0.1970346666666662,0.09720900794107956,0.5,0.15548913702396674,0.27130391752210636,0.7946666666666666,0.06735124782338406,0.0,,1
29,belonging_only,0.17001199999999955,0.14285068349853977,0.5,0.149290113584386,0.26013032775617917,0.7240000000000001,0.09758306304978132,0.0,,1
0,full_structured_model,0.984674040459585,0.0344702950668218,0.5694484505302186,0.6623617430189792,0.7088801647795784,1.0,0.0,0.6233333333333333,,0
1,full_structured_model,0.969368068388199,0.08182225560326686,0.5101751611608821,0.6143684987312932,0.6603009105924271,1.0,0.0,0.763095238095238,,0
2,full_structured_model,0.9838740519977113,0.0427495878184583,0.5471596942437323,0.6750846088194664,0.7215259401642835,0.9940000000000001,0.0,0.8688095238095238,,0
3,full_structured_model,0.9753085260072675,0.06572398270568154,0.5482761450923596,0.6324381400204607,0.6793116038439585,1.0,0.0,0.7883888888888889,,0
4,full_structured_model,0.9390362916515017,0.17815197310881714,0.5102422477921091,0.6014430928698676,0.6506712413698083,0.9840000000000002,0.0,0.7754786324786325,,0
5,full_structured_model,0.9600573130297917,0.10093055773510734,0.4865462568023305,0.6002416490170535,0.6468929265578228,0.9973333333333333,0.0,0.7802669552669553,,0
6,full_structured_model,0.937613907618988,0.11678303660929462,0.48707907182325155,0.5791760266731294,0.6299214505484074,0.9993333333333334,0.0,0.8391008991008989,,0
7,full_structured_model,0.9916060421385499,0.014220966280275712,0.5666078389251343,0.6427191963859932,0.6860317118210204,1.0,0.0,0.7883333333333334,,0
8,full_structured_model,0.9673554178919951,0.08334975769618116,0.5684654882954093,0.6041538945563644,0.6567092059152231,1.0,0.0,0.8043333333333333,,0
9,full_structured_model,0.9390679911615759,0.1635397762879998,0.5483150769609723,0.620855094196861,0.6635215445049745,0.9966666666666668,0.0,0.8030158730158731,,0
10,full_structured_model,0.9898307229482401,0.022069331699107027,0.5641674718724198,0.6418312193220653,0.6891135424162443,1.0,0.0,0.6843333333333333,,0
11,full_structured_model,0.9558089889583395,0.1102762305198193,0.560684514138312,0.6383047385629544,0.6844594440912952,1.0,0.0,0.7508095238095237,,0
12,full_structured_model,0.9856674568541295,0.025919590405043148,0.5493280961484176,0.671264514089883,0.7189478008154758,1.0,0.0,0.83,,0
13,full_structured_model,0.9762488594661749,0.07975684218445701,0.5377573216272001,0.6352543327071064,0.683185898932818,1.0,0.0,0.7393333333333332,,0
14,full_structured_model,0.9585265391522835,0.08166385113857783,0.541118281079632,0.6284819694096307,0.6755704732940775,1.0,0.0,0.6790952380952382,,0
15,full_structured_model,0.92696713921775,0.15489849450725302,0.5129029517873493,0.5438413329080416,0.5941664973681886,1.0,0.0,0.7099267399267398,,0
16,full_structured_model,0.9633725124967291,0.08087502599929845,0.5507835409825806,0.653739828178015,0.6989305600534144,1.0,0.0,0.7866666666666666,,0
17,full_structured_model,0.9363275892387767,0.14781613877065716,0.4988892424814219,0.6273333329485307,0.6778186751120441,0.9993333333333334,0.0,0.7439523809523808,,0
18,full_structured_model,0.776078271078389,0.29327553378799565,0.4555310110021104,0.5285789928293092,0.5732331648659741,0.9533333333333335,0.008407869907869908,0.7153686313686314,,0
19,full_structured_model,0.9652297855524439,0.06657740420302405,0.49545721934955583,0.6020437621191508,0.6501524318124251,1.0,0.0,0.7889898989898989,,0
20,full_structured_model,0.9706857899946738,0.05948631496505525,0.5381065166863557,0.6106108483934684,0.6631605924482108,1.0,0.0,0.7752380952380953,,0
21,full_structured_model,0.963984479913257,0.07342184427795677,0.5411136327292932,0.6674097581392846,0.7093604164810506,0.9973333333333333,0.0,0.7920555555555555,,0
22,full_structured_model,0.9168014126061713,0.20188846019475823,0.5546390679584251,0.6170563635004153,0.6653766892427355,0.9726666666666666,0.0007692307692307692,0.7164444444444444,,0
23,full_structured_model,0.9536531974317171,0.13304840904784676,0.5164664499097855,0.6033170525109529,0.6511542451682416,0.9960000000000001,0.0,0.6723330003330003,,0
24,full_structured_model,0.9895681901583442,0.018064292070060408,0.5990527271242889,0.6955704308299431,0.738491552687736,1.0,0.0,0.24,,0
25,full_structured_model,0.9457324100203176,0.1660888378087862,0.5356223233777662,0.6522514579525469,0.6949308459289583,0.9820000000000002,0.0006666666666666666,0.7070000000000001,,0
26,full_structured_model,0.9921607979237,0.01470609961617142,0.5939767716190227,0.660111610534267,0.7040829732524985,1.0,0.0,0.7293333333333334,,0
27,full_structured_model,0.9916155249429085,0.014942822809926828,0.5617916337631804,0.6701978532116069,0.7076603396288956,1.0,0.0,0.8096666666666666,,0
28,full_structured_model,0.9376485236907102,0.14029598720145456,0.5013728789188964,0.6517030493116251,0.6993191565951669,0.9913333333333334,0.0,0.734452380952381,,0
29,full_structured_model,0.9277740462710818,0.140035167333958,0.5053457790491837,0.6131133782765066,0.6582788789425895,0.988,0.0008333333333333333,0.8147171717171717,,0
0,full_llm_mediated_model,0.04319020639864159,0.07507246682132278,0.17139770142649785,0.24147482436723922,0.29570997417615064,0.5166666666666667,0.1746205798845118,0.5801695075255694,0.9385732336119332,1
1,full_llm_mediated_model,0.06332822984055651,0.08310637884331572,0.1822484447111267,0.25345303644546474,0.3065460183777201,0.5253333333333334,0.17070019033254324,0.6197998719120961,0.9456779253037834,1
2,full_llm_mediated_model,0.03938750758259138,0.06314694137149918,0.1745956250615741,0.2617262712684035,0.31387171394436164,0.5066666666666667,0.17320196934128823,0.6305640908884158,0.9369280246757026,1
3,full_llm_mediated_model,0.08209048477455091,0.18163645114629784,0.17755100432964094,0.30366995051956014,0.3517240248961863,0.5426666666666667,0.15277975937031665,0.5559522255121325,0.9548180770038354,1
4,full_llm_mediated_model,0.04279084472349983,0.05110261508947618,0.15389448193125346,0.24305756360942118,0.2943750690786681,0.5186666666666667,0.16560564753444013,0.5495941414583201,0.9338039697660441,1
5,full_llm_mediated_model,0.08275956617083409,0.08401389351667675,0.22611164819045965,0.3047231269799583,0.37058573962531083,0.6073333333333334,0.1417643569021278,0.6108302538265791,0.9343763754044074,1
6,full_llm_mediated_model,0.04130641749199775,0.049069569833945295,0.18031118627891776,0.26073657464938255,0.3182114507409702,0.504,0.1588611914401388,0.5869384161254634,0.9538137942495528,1
7,full_llm_mediated_model,0.05123530059046862,0.0703524705042193,0.18089577149477795,0.2600780337939781,0.31099483016410256,0.5160000000000001,0.18821558008554912,0.5802256216214237,0.9380808177603843,1
8,full_llm_mediated_model,0.0474204695090811,0.06633058600556577,0.14940584518870342,0.21902668100733116,0.27306163694406727,0.5246666666666667,0.19369702304919023,0.5981366581510232,0.9394422636187343,1
9,full_llm_mediated_model,0.06693753743664094,0.08766802079890959,0.15517991664495817,0.23045949812291172,0.2865801467444926,0.5506666666666667,0.19705205905205905,0.6265467869304214,0.9392408248225653,1
10,full_llm_mediated_model,0.06082043668585573,0.08550168282725247,0.19380625512971494,0.2649429575599315,0.32107529799062307,0.55,0.1394804794448757,0.584373929931442,0.9520811867310386,1
11,full_llm_mediated_model,0.06009425207661881,0.06725845784831332,0.2036172297986844,0.30466626622431575,0.3543805917079137,0.5826666666666668,0.14478279168372046,0.5634347866727729,0.9381887312893504,1
12,full_llm_mediated_model,0.046059495525902716,0.06526480943615513,0.1619571373969345,0.2469080012694564,0.30110231095873513,0.47866666666666674,0.17417910357616237,0.635278340875574,0.9484218857338053,1
13,full_llm_mediated_model,0.026234473540381813,0.05494072181616533,0.11666143050730177,0.1915007087168078,0.23773328841780855,0.49333333333333335,0.2411395919182297,0.5298300101265303,0.941899125470333,1
14,full_llm_mediated_model,0.04395515686327294,0.0791051579230356,0.15191314460744954,0.2629646384560236,0.3087899740706266,0.542,0.18521511572362967,0.5834618883263324,0.935608499511138,1
15,full_llm_mediated_model,0.020650943225000003,0.03987228792597978,0.15349324729487243,0.2177850469963473,0.2686588904516536,0.47200000000000003,0.2024291019438078,0.6254299979429885,0.9303353664739114,1
16,full_llm_mediated_model,0.0804921988760981,0.11039870877353497,0.19791779723430417,0.2776950465890431,0.34546359360939394,0.5720000000000001,0.16328301669091144,0.6169422862781291,0.9428477943662353,1
17,full_llm_mediated_model,0.06227764166960677,0.07685345603702537,0.1700650563584251,0.26936000607056604,0.32458892348845575,0.5506666666666667,0.13835748762761146,0.6227110073902221,0.9467608628938554,1
18,full_llm_mediated_model,0.026006972498101563,0.04214014854232047,0.14619772768805525,0.19399325399029263,0.2515286414104509,0.446,0.2398361064721611,0.6282126451356747,0.9258998292168638,1
19,full_llm_mediated_model,0.036460967136615265,0.05736229808605917,0.17614133490589398,0.27849949792209855,0.32918790534800607,0.5013333333333334,0.174349030828133,0.6174105848258022,0.9425159820399758,1
20,full_llm_mediated_model,0.05130637805430835,0.07057442692513201,0.1543344069942695,0.22490629374065907,0.27342194631563826,0.4980000000000001,0.18756283568512672,0.6291604344964179,0.932450099350254,1
21,full_llm_mediated_model,0.07017393826563707,0.11333014241069796,0.16261050240390834,0.22346252689518942,0.2734631533971704,0.5446666666666667,0.1464392975445607,0.5557513408306276,0.9325072559019927,1
22,full_llm_mediated_model,0.08165724320562388,0.13089882454136106,0.21504883852379864,0.31722470534356384,0.3780792612589994,0.5153333333333334,0.1502253164493035,0.6381808563098508,0.9501738215643855,1
23,full_llm_mediated_model,0.05041719639683076,0.06391768264465056,0.2074303140484928,0.2859377944037387,0.34459078259459835,0.512,0.14404019587223924,0.6180348835732115,0.935112000624075,1
24,full_llm_mediated_model,0.05433951935267382,0.09139022555245882,0.1526782084530295,0.25365504672261974,0.3119044347202057,0.5373333333333334,0.14364154344107904,0.5839329140898247,0.9497293879151465,1
25,full_llm_mediated_model,0.04754449491603526,0.06657456715440516,0.1553142508165151,0.23869468646248834,0.29842291918178143,0.544,0.1892503818850568,0.6463972448428337,0.9331652441985259,1
26,full_llm_mediated_model,0.08809161308978965,0.11307325284445233,0.20022484540249977,0.26386173114810885,0.32920157729267635,0.6106666666666666,0.10789395408513056,0.6247444728181837,0.949014103285775,1
27,full_llm_mediated_model,0.04367365334936384,0.08157974652207492,0.17141065097718805,0.23314697278761082,0.2916049675616034,0.4960000000000001,0.20495000097941277,0.5891117380553571,0.9304781857461423,1
28,full_llm_mediated_model,0.04061725517650001,0.05372541501357816,0.13446901431664074,0.20705115682316516,0.25604542031643596,0.518,0.19463499735558557,0.6156012497358825,0.9347650286029611,1
29,full_llm_mediated_model,0.06875366805788413,0.08841909021318575,0.21890047310828015,0.3013417156974432,0.35811850578042537,0.4673333333333333,0.14792363355598648,0.6464537847959138,0.9233455629337982,1
